Term,es,nes,pval,fdr,geneset_size,matched_size,genes,ledge_genes
antigen processing and presentation of exogenous peptide antigen via MHC class II (GO:0019886),-0.7395603345552229,-2.2300879010625434,0.0,0.0,98,15,AP2S1;CAPZB;ARF1;DYNC1I2;SEC31A;DCTN3;DYNLL2;KLC1;CLTA;CAPZA1;KIF4A;HLA-DMA;CD74;HLA-DRA;HLA-DRB1,HLA-DMA;CD74;HLA-DRA;HLA-DRB1
antigen processing and presentation of peptide antigen via MHC class II (GO:0002495),-0.7395603345552229,-2.2116132580991845,0.0,0.0,99,15,AP2S1;CAPZB;ARF1;DYNC1I2;SEC31A;DCTN3;DYNLL2;KLC1;CLTA;CAPZA1;KIF4A;HLA-DMA;CD74;HLA-DRA;HLA-DRB1,HLA-DMA;CD74;HLA-DRA;HLA-DRB1
ncRNA processing (GO:0034470),0.253642837841147,2105.401333714077,0.0,0.0,228,48,RPL8;RPL22;UBA52;RPS17;RPL6;RPLP0;RPS19;MRPS12;RPS8;RPL37A;RPL9;KRR1;RPL34;RPL30;NOP14;RPL10A;RRP1B;RIOK1;MRPL44;UTP20;ZCCHC11;RPL5;UTP14A;RPS18;LYAR;UTP4;DKC1;EXOSC3;SMAD2;LAS1L;RPS4X;RPL10;MDN1;SSB;EBNA1BP2;RIOK3;EXOSC4;RPS10;RPP21;WDR46;RPL39;RPL31;RPL36A;RPL17;BYSL;ISG20L2;RPS6;RRP36,RPL8;RPL22;UBA52;RPS17;RPL6;RPLP0;RPS19;MRPS12;RPS8;RPL37A;RPL9;KRR1;RPL34;RPL30;NOP14;RPL10A;RRP1B;RIOK1;MRPL44;UTP20;ZCCHC11;RPL5;UTP14A;RPS18;LYAR;UTP4;DKC1;EXOSC3;SMAD2;LAS1L;RPS4X;RPL10;MDN1;SSB;EBNA1BP2;RIOK3;EXOSC4;RPS10;RPP21;WDR46;RPL39;RPL31;RPL36A;RPL17;BYSL;ISG20L2;RPS6
rRNA metabolic process (GO:0016072),0.25111136732249756,1996.3353702138536,0.0,0.0,201,46,RPL8;RPL22;UBA52;RPS17;RPL6;RPLP0;RPS19;MRPS12;RPS8;RPL37A;RPL9;KRR1;RPL34;RPL30;NOP14;RPL10A;RRP1B;RIOK1;CD3EAP;UTP20;RPL5;UTP14A;RPS18;LYAR;UTP4;DKC1;EXOSC3;LAS1L;RPS4X;RPL10;MDN1;EBNA1BP2;RIOK3;NIFK;EXOSC4;RPS10;RPP21;WDR46;RPL39;RPL31;RPL36A;RPL17;BYSL;ISG20L2;RPS6;RRP36,RPL8;RPL22;UBA52;RPS17;RPL6;RPLP0;RPS19;MRPS12;RPS8;RPL37A;RPL9;KRR1;RPL34;RPL30;NOP14;RPL10A;RRP1B;RIOK1;CD3EAP;UTP20;RPL5;UTP14A;RPS18;LYAR;UTP4;DKC1;EXOSC3;LAS1L;RPS4X;RPL10;MDN1;EBNA1BP2;RIOK3;NIFK;EXOSC4;RPS10;RPP21;WDR46;RPL39;RPL31;RPL36A;RPL17;BYSL;ISG20L2;RPS6
cellular macromolecule biosynthetic process (GO:0034645),0.10481042991838777,inf,,0.0,368,59,RPL8;RPL22;RPS17;ILF2;MRPS15;RPL6;MRPL42;RSL1D1;NAP1L1;RPLP0;RPS19;MRPS36;MRPS12;RPS8;RPL37A;RPL9;MRPL35;MRPL9;RPL34;RPL30;PWP1;PABPC4;NASP;PTMA;POLR2F;RPL10A;ORC6;MLF1;MRPS18C;POLE3;MRPS14;RPL5;POLR2K;POLR2B;RPS18;MED20;CLSPN;MRPS18B;MRPL13;MRPL37;RPS4X;RPL10;ST3GAL4;ORC4;MRPS5;RPS10;ABCF1;RPL39;RPL31;RPL36A;RPL17;MRPL55;TOPORS;RPS6;GCNT1;REV1;SMARCA1;POLR2A;INHBA,RPL8;RPL22;RPS17;ILF2;MRPS15;RPL6;MRPL42;RSL1D1;NAP1L1;RPLP0;RPS19;MRPS36;MRPS12;RPS8;RPL37A;RPL9;MRPL35;MRPL9;RPL34;RPL30;PWP1;PABPC4;NASP;PTMA;POLR2F;RPL10A;ORC6;MLF1;MRPS18C;POLE3;MRPS14;RPL5;POLR2K;POLR2B;RPS18;MED20;CLSPN;MRPS18B;MRPL13;MRPL37;RPS4X;RPL10;ST3GAL4;ORC4;MRPS5;RPS10;ABCF1;RPL39;RPL31;RPL36A;RPL17;MRPL55;TOPORS;RPS6;GCNT1;REV1;SMARCA1
cellular protein metabolic process (GO:0044267),0.10267115666662528,inf,,0.0,485,70,RPL8;RPL22;UBA52;RPS17;UBL5;MRPS15;RPL6;MRPL42;RSL1D1;RPLP0;RPS19;MRPS36;UBE2D3;MRPS12;RPS8;UBE2L3;RPL37A;RPL9;TXN;MRPL35;MRPL9;RPL34;RPL30;PABPC4;H3F3A;IGFBP7;RCN1;RPL10A;CST3;UBE2G2;MRPS18C;MRPS14;UBE2N;RPL5;IGFBP4;GAS6;CCDC59;RPS18;UBE2G1;LTA4H;MRPS18B;MRPL13;MRPL37;RPS4X;RPL10;GOLM1;MFGE8;CKAP4;MRPS5;RPS10;ABCF1;LOX;RPL39;RPL31;STOML2;RPL36A;UBE2L6;RPL17;PNPLA2;STK38;MRPL55;RPS6;RNF5;CHRDL1;LIPT1;ST3GAL6;UBL4A;CYR61;WFS1;SDC2,RPL8;RPL22;UBA52;RPS17;UBL5;MRPS15;RPL6;MRPL42;RSL1D1;RPLP0;RPS19;MRPS36;UBE2D3;MRPS12;RPS8;UBE2L3;RPL37A;RPL9;TXN;MRPL35;MRPL9;RPL34;RPL30;PABPC4;H3F3A;IGFBP7;RCN1;RPL10A;CST3;UBE2G2;MRPS18C;MRPS14;UBE2N;RPL5;IGFBP4;GAS6;CCDC59;RPS18;UBE2G1;LTA4H;MRPS18B;MRPL13;MRPL37;RPS4X;RPL10;GOLM1;MFGE8;CKAP4;MRPS5;RPS10;ABCF1;LOX;RPL39;RPL31;STOML2;RPL36A;UBE2L6;RPL17;PNPLA2;STK38;MRPL55;RPS6;RNF5;CHRDL1;LIPT1;ST3GAL6;UBL4A
gene expression (GO:0010467),0.1597572877202353,inf,,0.0,412,69,RPL8;RPL22;EIF5A;RPS17;ILF2;MRPS15;RPL6;MRPL42;HNRNPK;RSL1D1;RPLP0;RPS19;MRPS36;MRPS12;RPS8;RPL37A;MAGOH;RPL9;MRPL35;MRPL9;RPL34;DHX15;RPL30;PWP1;PABPC4;PTMA;POLR2F;SRSF9;NUP37;RPL10A;DUSP11;MRPL44;MLF1;PRPF4;MRPS18C;MRPS14;RPL5;FIP1L1;POLR2K;NUP153;POLR2B;CHTOP;RPS18;DKC1;MED20;NDC1;MRPS18B;MRPL13;MRPL37;WDR33;RPS4X;RPL10;THOC2;MRPS5;RPS10;SMG7;ABCF1;RPL39;RPL31;SNRNP40;RPL36A;RPL17;MRPL55;TOPORS;RPS6;SMARCA1;POLR2A;RBMX2;UPF3B,RPL8;RPL22;EIF5A;RPS17;ILF2;MRPS15;RPL6;MRPL42;HNRNPK;RSL1D1;RPLP0;RPS19;MRPS36;MRPS12;RPS8;RPL37A;MAGOH;RPL9;MRPL35;MRPL9;RPL34;DHX15;RPL30;PWP1;PABPC4;PTMA;POLR2F;SRSF9;NUP37;RPL10A;DUSP11;MRPL44;MLF1;PRPF4;MRPS18C;MRPS14;RPL5;FIP1L1;POLR2K;NUP153;POLR2B;CHTOP;RPS18;DKC1;MED20;NDC1;MRPS18B;MRPL13;MRPL37;WDR33;RPS4X;RPL10;THOC2;MRPS5;RPS10;SMG7;ABCF1;RPL39;RPL31;SNRNP40;RPL36A;RPL17;MRPL55;TOPORS;RPS6
viral process (GO:0016032),0.13982717989002477,inf,,0.0,221,45,RPL8;RPL22;UBA52;RPS17;AP2S1;NUCKS1;RPL6;RPLP0;RPS19;MRPS12;RPS8;RPL37A;DENR;RPL9;ARF1;RPL34;RPL30;NUP37;RPL10A;RPL5;GAS6;RRAGA;CHMP5;NUP153;RPS18;VCP;DEK;NDC1;RPS4X;RPL10;MCTS1;SSB;EIF2AK4;RPS10;HCFC2;RPL39;RPL31;RPL36A;RPL17;NFIA;RPS6;IST1;HTATSF1;UBAP1;NEDD4L,RPL8;RPL22;UBA52;RPS17;AP2S1;NUCKS1;RPL6;RPLP0;RPS19;MRPS12;RPS8;RPL37A;DENR;RPL9;ARF1;RPL34;RPL30;NUP37;RPL10A;RPL5;GAS6;RRAGA;CHMP5;NUP153;RPS18;VCP;DEK;NDC1;RPS4X;RPL10;MCTS1;SSB;EIF2AK4;RPS10;HCFC2;RPL39;RPL31;RPL36A;RPL17;NFIA;RPS6;IST1;HTATSF1;UBAP1;NEDD4L
antigen processing and presentation of exogenous peptide antigen (GO:0002478),-0.7395603345552229,-2.142353940148492,0.0,0.001033896165567651,98,15,AP2S1;CAPZB;ARF1;DYNC1I2;SEC31A;DCTN3;DYNLL2;KLC1;CLTA;CAPZA1;KIF4A;HLA-DMA;CD74;HLA-DRA;HLA-DRB1,HLA-DMA;CD74;HLA-DRA;HLA-DRB1
ribosome biogenesis (GO:0042254),0.22069537755467594,617.7688350090449,0.0,0.010185384781202846,227,53,NPM1;RPL8;RPL22;UBA52;RPS17;RPL6;RPLP0;RPS19;MRPS12;RPS8;RPL37A;RPL9;KRR1;RPL34;NOP16;RPL30;NIP7;NOP14;PAK1IP1;RPL10A;RRP1B;RIOK1;GNL2;UTP20;RPL5;SDAD1;UTP14A;RPS18;AAMP;LYAR;UTP4;DKC1;EXOSC3;LAS1L;RPS4X;RPL10;MDN1;EBNA1BP2;RIOK3;EXOSC4;RPS10;RPP21;NVL;WDR46;RPL39;RPL31;RPL36A;RPL17;BYSL;ISG20L2;RPS6;MTERF3;RRP36,NPM1;RPL8;RPL22;UBA52;RPS17;RPL6;RPLP0;RPS19;MRPS12;RPS8;RPL37A;RPL9;KRR1;RPL34;NOP16;RPL30;NIP7;NOP14;PAK1IP1;RPL10A;RRP1B;RIOK1;GNL2;UTP20;RPL5;SDAD1;UTP14A;RPS18;AAMP;LYAR;UTP4;DKC1;EXOSC3;LAS1L;RPS4X;RPL10;MDN1;EBNA1BP2;RIOK3;EXOSC4;RPS10;RPP21;NVL;WDR46;RPL39;RPL31;RPL36A;RPL17;BYSL;ISG20L2;RPS6
rRNA processing (GO:0006364),0.2494955938281646,718.0539653247406,0.0,0.010347057555507654,203,46,RPL8;RPL22;UBA52;RPS17;RPL6;RSL1D1;RPLP0;RRP15;RPS19;MRPS12;RPS8;RPL37A;RPL9;KRR1;RPL34;RPL30;NOP14;RPL10A;RRP1B;RIOK1;UTP20;RPL5;UTP14A;RPS18;LYAR;UTP4;DKC1;EXOSC3;LAS1L;RPS4X;RPL10;MDN1;EBNA1BP2;RIOK3;EXOSC4;RPS10;RPP21;WDR46;RPL39;RPL31;RPL36A;RPL17;BYSL;ISG20L2;RPS6;RRP36,RPL8;RPL22;UBA52;RPS17;RPL6;RSL1D1;RPLP0;RRP15;RPS19;MRPS12;RPS8;RPL37A;RPL9;KRR1;RPL34;RPL30;NOP14;RPL10A;RRP1B;RIOK1;UTP20;RPL5;UTP14A;RPS18;LYAR;UTP4;DKC1;EXOSC3;LAS1L;RPS4X;RPL10;MDN1;EBNA1BP2;RIOK3;EXOSC4;RPS10;RPP21;WDR46;RPL39;RPL31;RPL36A;RPL17;BYSL;ISG20L2;RPS6
peptide biosynthetic process (GO:0043043),0.30156249999999946,440.7674204485307,0.0,0.02222265770444257,175,38,RPL8;RPL22;RPS17;MRPS15;RPL6;MRPL42;RSL1D1;RPLP0;RPS19;MRPS36;MRPS12;RPS8;RPL37A;RPL9;MRPL35;MRPL9;RPL34;RPL30;PABPC4;RPL10A;MRPS18C;MRPS14;RPL5;RPS18;MRPS18B;MRPL13;MRPL37;RPS4X;RPL10;MRPS5;RPS10;ABCF1;RPL39;RPL31;RPL36A;RPL17;MRPL55;RPS6,RPL8;RPL22;RPS17;MRPS15;RPL6;MRPL42;RSL1D1;RPLP0;RPS19;MRPS36;MRPS12;RPS8;RPL37A;RPL9;MRPL35;MRPL9;RPL34;RPL30;PABPC4;RPL10A;MRPS18C;MRPS14;RPL5;RPS18;MRPS18B;MRPL13;MRPL37;RPS4X;RPL10;MRPS5;RPS10;ABCF1;RPL39;RPL31;RPL36A;RPL17;MRPL55;RPS6
mRNA processing (GO:0006397),0.1070698361377736,446.18091111099386,1.0,0.02444492347488683,284,56,SF3B6;HNRNPA1;UBL5;HNRNPK;DNAJC8;SRRM2;PUF60;PLRG1;MAGOH;SNRPF;SNRPE;SNRPD2;SNRPD1;DHX15;CWC15;SUPT4H1;PRPF4B;SNRPA1;YBX1;SF3A3;POLR2F;ELAVL1;PPIH;SRSF9;FAM103A1;PRPF38A;CDC5L;PRPF4;PRPF40A;PABPC1;CWC22;FIP1L1;RBM15B;POLR2K;POLR2B;CHTOP;LSM2;PQBP1;WDR33;THOC2;GEMIN7;CSTF2;PPIL1;SNRNP40;SART3;RBM15;SNRPC;BCAS2;NONO;HNRNPH2;HTATSF1;POLR2A;GTF2F1;RBMX2;RBM41;UPF3B,SF3B6;HNRNPA1;UBL5;HNRNPK;DNAJC8;SRRM2;PUF60;PLRG1;MAGOH;SNRPF;SNRPE;SNRPD2;SNRPD1;DHX15;CWC15;SUPT4H1;PRPF4B;SNRPA1;YBX1;SF3A3;POLR2F;ELAVL1;PPIH;SRSF9;FAM103A1;PRPF38A;CDC5L;PRPF4;PRPF40A;PABPC1;CWC22;FIP1L1;RBM15B;POLR2K;POLR2B;CHTOP;LSM2;PQBP1
translation (GO:0006412),0.23582530463940493,451.2262475125398,0.0,0.02716102608320759,233,47,RPL8;RPL22;RPS17;MRPS15;RPL6;MRPL42;RSL1D1;RPLP0;RPS19;MRPS36;MRPS12;RPS8;RPL37A;RPL9;MRPL35;MRPL9;EEF1E1;EIF4H;RPL34;RPL30;PABPC4;FARSA;RPL10A;MRPS18C;MRPS14;ZC3H15;RPL5;RPS18;RPL7L1;MRPS18B;MRPL13;MRPL37;RPS4X;RPL10;MRPS5;RPS10;ABCF1;RPL39;RPL31;GATC;RPL36A;RPL17;NARS;MRPL55;RPS6;MRPL2;MTERF3,RPL8;RPL22;RPS17;MRPS15;RPL6;MRPL42;RSL1D1;RPLP0;RPS19;MRPS36;MRPS12;RPS8;RPL37A;RPL9;MRPL35;MRPL9;EEF1E1;EIF4H;RPL34;RPL30;PABPC4;FARSA;RPL10A;MRPS18C;MRPS14;ZC3H15;RPL5;RPS18;RPL7L1;MRPS18B;MRPL13;MRPL37;RPS4X;RPL10;MRPS5;RPS10;ABCF1;RPL39;RPL31;GATC;RPL36A;RPL17;NARS;MRPL55;RPS6;MRPL2
ribonucleoprotein complex assembly (GO:0022618),0.1701631701631703,263.4470719310798,0.5,0.03847812028454409,157,31,NPM1;RPS17;RPL6;HSP90AB1;RPS19;DENR;SNRPF;SNRPE;SNRPD2;SNRPD1;EIF4H;RPS27L;SRSF9;CLNS1A;FAM103A1;CDC73;RPL5;ABT1;RPL10;MCTS1;MDN1;NOL3;GEMIN7;RPS10;SART3;PPAN;WDR77;SNRPC;SRPK1;MTERF3;SMN1,NPM1;RPS17;RPL6;HSP90AB1;RPS19;DENR;SNRPF;SNRPE;SNRPD2;SNRPD1;EIF4H;RPS27L;SRSF9;CLNS1A;FAM103A1;CDC73;RPL5;ABT1;RPL10;MCTS1;MDN1;NOL3;GEMIN7;RPS10;SART3;PPAN;WDR77;SNRPC;SRPK1;MTERF3;SMN1
"nuclear-transcribed mRNA catabolic process, nonsense-mediated decay (GO:0000184)",0.18640171822890972,179.04070948699825,0.0,0.061286417828776085,113,30,RPL8;RPL22;UBA52;RPS17;RPL6;RPLP0;RPS19;MRPS12;RPS8;RPL37A;MAGOH;RPL9;RPL34;RPL30;EIF3E;RPL10A;PABPC1;RPL5;RPS18;RPS4X;RPL10;RPS10;SMG7;PNRC1;RPL39;RPL31;RPL36A;RPL17;RPS6;UPF3B,RPL8;RPL22;UBA52;RPS17;RPL6;RPLP0;RPS19;MRPS12;RPS8;RPL37A;MAGOH;RPL9;RPL34;RPL30;EIF3E;RPL10A;PABPC1;RPL5;RPS18;RPS4X;RPL10;RPS10;SMG7;PNRC1;RPL39;RPL31;RPL36A;RPL17;RPS6
protein targeting to ER (GO:0045047),0.2985305491105932,145.2382921142278,0.0,0.07307609398577279,98,25,RPL8;RPL22;UBA52;RPS17;RPL6;RPLP0;RPS19;MRPS12;RPS8;RPL37A;RPL9;SRP9;RPL34;RPL30;RPL10A;RPL5;RPS18;RPS4X;RPL10;RPS10;RPL39;RPL31;RPL36A;RPL17;RPS6,RPL8;RPL22;UBA52;RPS17;RPL6;RPLP0;RPS19;MRPS12;RPS8;RPL37A;RPL9;SRP9;RPL34;RPL30;RPL10A;RPL5;RPS18;RPS4X;RPL10;RPS10;RPL39;RPL31;RPL36A;RPL17;RPS6
viral gene expression (GO:0019080),0.2992248062015474,121.764253338251,0.0,0.07582453114895452,111,28,RPL8;RPL22;UBA52;RPS17;RPL6;RPLP0;RPS19;MRPS12;RPS8;RPL37A;RPL9;RPL34;RPL30;NUP37;RPL10A;RPL5;NUP153;RPS18;NDC1;RPS4X;RPL10;EIF2AK4;RPS10;RPL39;RPL31;RPL36A;RPL17;RPS6,RPL8;RPL22;UBA52;RPS17;RPL6;RPLP0;RPS19;MRPS12;RPS8;RPL37A;RPL9;RPL34;RPL30;NUP37;RPL10A;RPL5;NUP153;RPS18;NDC1;RPS4X;RPL10;EIF2AK4;RPS10;RPL39;RPL31;RPL36A;RPL17;RPS6
viral transcription (GO:0019083),0.29899302865995553,130.54762650278823,0.0,0.07786160810519507,114,27,RPL8;RPL22;UBA52;RPS17;RPL6;RPLP0;RPS19;MRPS12;RPS8;RPL37A;RPL9;RPL34;RPL30;NUP37;RPL10A;RPL5;NUP153;RPS18;NDC1;RPS4X;RPL10;RPS10;RPL39;RPL31;RPL36A;RPL17;RPS6,RPL8;RPL22;UBA52;RPS17;RPL6;RPLP0;RPS19;MRPS12;RPS8;RPL37A;RPL9;RPL34;RPL30;NUP37;RPL10A;RPL5;NUP153;RPS18;NDC1;RPS4X;RPL10;RPS10;RPL39;RPL31;RPL36A;RPL17;RPS6
nuclear-transcribed mRNA catabolic process (GO:0000956),0.15498606529986803,95.0758782787357,0.36363636363636365,0.08550693396565352,175,36,RPL8;RPL22;UBA52;RPS17;RPL6;EIF4A2;RPLP0;RPS19;MRPS12;RPS8;RPL37A;MAGOH;RPL9;RPL34;RPL30;EIF3E;RPL10A;ZCCHC11;PABPC1;RPL5;RPS18;DCP2;RPS4X;RPL10;EXOSC4;RPS10;SMG7;CSDE1;PNRC1;RPL39;RPL31;RPL36A;RPL17;RPS6;DXO;UPF3B,RPL8;RPL22;UBA52;RPS17;RPL6;EIF4A2;RPLP0;RPS19;MRPS12;RPS8;RPL37A;MAGOH;RPL9;RPL34;RPL30;EIF3E;RPL10A;ZCCHC11;PABPC1;RPL5;RPS18;DCP2;RPS4X;RPL10;EXOSC4;RPS10;SMG7;CSDE1;PNRC1;RPL39;RPL31;RPL36A;RPL17
SRP-dependent cotranslational protein targeting to membrane (GO:0006614),0.2987616099071208,96.6160286123866,0.0,0.08947161533291911,90,26,RPL8;RPL22;UBA52;RPS17;RPL6;RPLP0;RPS19;MRPS12;RPS8;RPL37A;RPL9;SRP9;RPL34;RPL30;RPL10A;SEC61B;RPL5;RPS18;RPS4X;RPL10;RPS10;RPL39;RPL31;RPL36A;RPL17;RPS6,RPL8;RPL22;UBA52;RPS17;RPL6;RPLP0;RPS19;MRPS12;RPS8;RPL37A;RPL9;SRP9;RPL34;RPL30;RPL10A;SEC61B;RPL5;RPS18;RPS4X;RPL10;RPS10;RPL39;RPL31;RPL36A;RPL17;RPS6
mitochondrial translation (GO:0032543),0.22530864197530626,82.34777245803059,0.0625,0.09673137359458142,108,22,MRPS15;MRPL42;MRPS36;MRPS12;MRPL35;MRPL9;MRPL45;MRPL44;MRPS18C;MRPS14;MRPS18B;MRPL13;MRPL37;MRPL14;MRPL50;MRPS10;MRPL49;MRPS5;GATC;MRPL55;MRPL2;MTERF3,MRPS15;MRPL42;MRPS36;MRPS12;MRPL35;MRPL9;MRPL45;MRPL44;MRPS18C;MRPS14;MRPS18B;MRPL13;MRPL37;MRPL14;MRPL50;MRPS10;MRPL49;MRPS5;GATC;MRPL55;MRPL2;MTERF3
RNA processing (GO:0006396),0.2143962848297225,80.05397976715052,0.058823529411764705,0.0968743263634404,194,26,HNRNPK;MAGOH;SNRPF;SNRPD2;SNRPD1;DHX15;SUPT4H1;PRPF4B;PABPC4;SNRPA1;SF3A3;SRSF9;DUSP11;MRPL44;PRPF4;ZCCHC11;SMU1;DKC1;USB1;NOL3;SNRNP40;BCAS2;KHSRP;SRPK1;MTERF3;NONO,HNRNPK;MAGOH;SNRPF;SNRPD2;SNRPD1;DHX15;SUPT4H1;PRPF4B;PABPC4;SNRPA1;SF3A3;SRSF9;DUSP11;MRPL44;PRPF4;ZCCHC11;SMU1;DKC1;USB1;NOL3;SNRNP40;BCAS2;KHSRP;SRPK1;MTERF3;NONO
translational elongation (GO:0006414),0.3043657114533423,67.24475867662345,0.0,0.10470772374106113,106,20,MRPS15;MRPL42;MRPS36;MRPS12;MRPL35;MRPL9;MRPL45;MRPL44;MRPS18C;MRPS14;MRPS18B;MRPL13;MRPL37;MRPL14;MRPL50;MRPS10;MRPL49;MRPS5;MRPL55;MRPL2,MRPS15;MRPL42;MRPS36;MRPS12;MRPL35;MRPL9;MRPL45;MRPL44;MRPS18C;MRPS14;MRPS18B;MRPL13;MRPL37;MRPL14;MRPL50;MRPS10;MRPL49
cotranslational protein targeting to membrane (GO:0006613),0.2985305491105932,68.09297997364706,0.0,0.10782104293636952,94,25,RPL8;RPL22;UBA52;RPS17;RPL6;RPLP0;RPS19;MRPS12;RPS8;RPL37A;RPL9;SRP9;RPL34;RPL30;RPL10A;RPL5;RPS18;RPS4X;RPL10;RPS10;RPL39;RPL31;RPL36A;RPL17;RPS6,RPL8;RPL22;UBA52;RPS17;RPL6;RPLP0;RPS19;MRPS12;RPS8;RPL37A;RPL9;SRP9;RPL34;RPL30;RPL10A;RPL5;RPS18;RPS4X;RPL10;RPS10;RPL39;RPL31;RPL36A;RPL17;RPS6
mitochondrial translational elongation (GO:0070125),0.3043657114533423,69.64378121223378,0.047619047619047616,0.11079974132356112,88,20,MRPS15;MRPL42;MRPS36;MRPS12;MRPL35;MRPL9;MRPL45;MRPL44;MRPS18C;MRPS14;MRPS18B;MRPL13;MRPL37;MRPL14;MRPL50;MRPS10;MRPL49;MRPS5;MRPL55;MRPL2,MRPS15;MRPL42;MRPS36;MRPS12;MRPL35;MRPL9;MRPL45;MRPL44;MRPS18C;MRPS14;MRPS18B;MRPL13;MRPL37;MRPL14;MRPL50;MRPS10;MRPL49
Golgi vesicle transport (GO:0048193),0.14972847168347558,55.07020862861065,0.6666666666666666,0.13957749514981677,272,29,CAPZB;PITPNB;CNIH1;ARF1;VAMP8;DYNC1I2;SCYL1;CNIH4;ERGIC1;SEC31A;DCTN3;DYNLL2;SNAP23;GAS6;RABIF;BICD2;PEF1;STX18;KLC1;TRAPPC3;BCAP31;TAPBP;UVRAG;CAPZA1;CD55;IER3IP1;VAMP7;KIF4A;TMED5,CAPZB;PITPNB;CNIH1;ARF1;VAMP8;DYNC1I2;SCYL1;CNIH4;ERGIC1;SEC31A;DCTN3;DYNLL2;SNAP23;GAS6;RABIF;BICD2;PEF1;STX18;KLC1;TRAPPC3;BCAP31;TAPBP;UVRAG;CAPZA1;CD55;IER3IP1;VAMP7;KIF4A;TMED5
mitochondrial translational termination (GO:0070126),0.3043657114533423,52.292093895607024,0.07142857142857142,0.14992886397930588,90,20,MRPS15;MRPL42;MRPS36;MRPS12;MRPL35;MRPL9;MRPL45;MRPL44;MRPS18C;MRPS14;MRPS18B;MRPL13;MRPL37;MRPL14;MRPL50;MRPS10;MRPL49;MRPS5;MRPL55;MRPL2,MRPS15;MRPL42;MRPS36;MRPS12;MRPL35;MRPL9;MRPL45;MRPL44;MRPS18C;MRPS14;MRPS18B;MRPL13;MRPL37;MRPL14;MRPL50;MRPS10;MRPL49
respiratory electron transport chain (GO:0022904),0.29515757109915625,39.05812268900746,0.05263157894736842,0.24947905439390672,95,17,COX6C;COX6A1;NDUFC2;COX7A2L;NDUFB6;NDUFA6;NDUFS5;CYC1;UQCRH;UQCRB;COX5B;NDUFB3;NDUFA12;SLC25A13;UQCRHL;NDUFA1;COX7B,COX6C;COX6A1;NDUFC2;COX7A2L;NDUFB6;NDUFA6;NDUFS5;CYC1;UQCRH;UQCRB;COX5B;NDUFB3;NDUFA12;SLC25A13;UQCRHL;NDUFA1;COX7B
ribosomal large subunit biogenesis (GO:0042273),0.41885502807382075,39.2405090146567,0.020833333333333332,0.2559404380917638,64,16,NPM1;RPL6;RSL1D1;RRP15;NOP16;NIP7;PAK1IP1;RPL10A;RPL5;SDAD1;AAMP;LAS1L;RPL10;MDN1;EBNA1BP2;PPAN,NPM1;RPL6;RSL1D1;RRP15;NOP16;NIP7;PAK1IP1;RPL10A;RPL5;SDAD1;AAMP;LAS1L;RPL10;MDN1;EBNA1BP2
translational termination (GO:0006415),0.3043657114533423,37.50114429032948,0.075,0.2628799310196163,97,20,MRPS15;MRPL42;MRPS36;MRPS12;MRPL35;MRPL9;MRPL45;MRPL44;MRPS18C;MRPS14;MRPS18B;MRPL13;MRPL37;MRPL14;MRPL50;MRPS10;MRPL49;MRPS5;MRPL55;MRPL2,MRPS15;MRPL42;MRPS36;MRPS12;MRPL35;MRPL9;MRPL45;MRPL44;MRPS18C;MRPS14;MRPS18B;MRPL13;MRPL37;MRPL14;MRPL50;MRPS10;MRPL49
regulation of ERK1 and ERK2 cascade (GO:0070372),-0.5854247564645885,-1.7247445541997093,0.016913319238900635,0.3138521047601301,248,15,DUSP4;GAS6;SHC1;FBXW7;F2RL1;RAP1A;TIMP3;F2R;DUSP6;CYR61;ATP6AP1;GBP1;PTPRR;CCL26;CD74,RAP1A;TIMP3;F2R;DUSP6;CYR61;ATP6AP1;GBP1;PTPRR;CCL26;CD74
mitochondrial respiratory chain complex assembly (GO:0033108),0.39912491146389395,30.87578039178921,0.0,0.3687031241869903,98,15,NDUFC2;TMEM126B;NDUFB6;NDUFAF4;NDUFA6;NDUFS5;UQCC2;UQCRB;COA5;SLC25A33;NDUFB3;COA4;NDUFA12;PET100;NDUFA1,NDUFC2;TMEM126B;NDUFB6;NDUFAF4;NDUFA6;NDUFS5;UQCC2;UQCRB;COA5;SLC25A33;NDUFB3;COA4;NDUFA12
nervous system development (GO:0007399),-0.5475777511307326,-1.6718763308815434,0.022821576763485476,0.4024440824472082,456,20,PAFAH1B3;FEZ2;RAB29;BDNF;NRG1;ATN1;NAV2;JARID2;VEGFA;WWP1;COX7B;NINJ1;NOG;PRPS1;FGF5;DYRK1A;OPHN1;TIMM8A;INHBA;ITM2A,PRPS1;FGF5;DYRK1A;OPHN1;TIMM8A;INHBA;ITM2A
cytoplasmic translation (GO:0002181),0.2749615975422437,28.619323489627337,0.11627906976744186,0.4152619098943738,55,16,RPL8;RPL22;RPL6;RPLP0;EIF3M;RPL9;EIF4H;RPL30;RPL10A;ZC3H15;RPL7L1;RPL39;RPL31;RPL36A;RPL17;MRPL2,RPL8;RPL22;RPL6;RPLP0;EIF3M;RPL9;EIF4H;RPL30;RPL10A;ZC3H15;RPL7L1;RPL39;RPL31;RPL36A;RPL17;MRPL2
regulation of cell migration (GO:0030334),-0.5071521288960081,-1.6330939509574591,0.017435897435897435,0.4515541503116716,317,26,ANXA1;LMNA;FLNA;NEXN;TPM1;CITED2;PLAU;VEGFA;FAM89B;PAK1;LMO4;F2RL1;RHOC;SLIT2;F2R;BST2;NOG;LAMC2;CYR61;RAP2C;SNAI2;ADARB1;ENG;STC1;CCL26;ABI3,SLIT2;F2R;BST2;NOG;LAMC2;CYR61;RAP2C;SNAI2;ADARB1;ENG;STC1;CCL26;ABI3
positive regulation of signal transduction (GO:0009967),-0.5434498050736924,-1.5813693022713036,0.051336898395721926,0.5722615276416949,207,15,TRIM44;FLNA;CDC73;GAS6;BDNF;AGPAT1;CITED2;VEGFA;TGFB2;RBPJ;CRADD;BAK1;NOV;SOX4;CD74,TGFB2;RBPJ;CRADD;BAK1;NOV;SOX4;CD74
regulation of mRNA stability (GO:0043488),0.1876923076923068,21.01102661257537,0.5909090909090909,0.7105674888219791,129,18,NPM1;UBA52;PSMB1;YWHAZ;PSMD14;PSME3;ELAVL1;YTHDF2;SERBP1;PABPC1;EXOSC3;DCP2;PSMB2;PSMD10;EXOSC4;KHSRP;PSMB9;PSMB8,NPM1;UBA52;PSMB1;YWHAZ;PSMD14;PSME3;ELAVL1;YTHDF2;SERBP1;PABPC1;EXOSC3;DCP2;PSMB2;PSMD10;EXOSC4;KHSRP;PSMB9;PSMB8
mitochondrial ATP synthesis coupled electron transport (GO:0042775),0.29493087557604186,19.816743227036532,0.058823529411764705,0.7120449386911479,86,16,COX6C;COX6A1;NDUFC2;COX7A2L;NDUFB6;NDUFA6;NDUFS5;CYC1;UQCRH;UQCRB;COX5B;NDUFB3;NDUFA12;UQCRHL;NDUFA1;COX7B,COX6C;COX6A1;NDUFC2;COX7A2L;NDUFB6;NDUFA6;NDUFS5;CYC1;UQCRH;UQCRB;COX5B;NDUFB3;NDUFA12;UQCRHL;NDUFA1;COX7B
regulation of autophagy (GO:0010506),0.1049382716049359,19.962103522217895,1.0,0.7267632130749182,204,22,RHEB;ATP6V0E1;TMEM59;MCL1;ATP6V1E1;MTDH;ATP6V0D1;ATP6V1G1;ATP6V0B;RRAGA;CASP3;OPTN;SVIP;IFI16;DAPK3;FBXW7;LAMTOR5;ATP6V1C1;UBQLN2;SH3GLB1;RRAGB;WDR24,RHEB;ATP6V0E1;TMEM59;MCL1;ATP6V1E1;MTDH;ATP6V0D1;ATP6V1G1;ATP6V0B;RRAGA;CASP3;OPTN;SVIP;IFI16;DAPK3;FBXW7;LAMTOR5;ATP6V1C1;UBQLN2;SH3GLB1;RRAGB;WDR24
protein complex assembly (GO:0006461),0.26358377574147557,20.318399372181872,0.25,0.729952575986204,190,16,NPM1;CNIH1;HDAC1;KHDRBS3;SEC31A;GRHPR;CDC73;TANK;PEF1;TRAPPC3;ZNHIT6;NOL3;TLE1;STOML2;RBBP5;SH3GLB1,NPM1;CNIH1;HDAC1;KHDRBS3;SEC31A;GRHPR;CDC73;TANK;PEF1;TRAPPC3;ZNHIT6;NOL3;TLE1;STOML2;RBBP5
mitochondrion organization (GO:0007005),0.3154259401381427,18.644368753038222,0.06756756756756757,0.7315872673708415,168,15,TOMM20;BNIP3L;TIMM13;TOMM40;CAV2;TMEM11;SLC25A33;RAB29;ATAD3A;AGTPBP1;TIMM10B;TIMM17A;FXN;STOML2;TOMM5,TOMM20;BNIP3L;TIMM13;TOMM40;CAV2;TMEM11;SLC25A33;RAB29;ATAD3A;AGTPBP1;TIMM10B;TIMM17A;FXN;STOML2;TOMM5
positive regulation of cytokine production (GO:0001819),0.20951650038373099,18.702900008394455,0.5306122448979592,0.7501616727743048,221,15,ANXA1;XRCC5;FAM49B;POLR3K;POLR2F;ANKRD17;POLR2K;PQBP1;AGPAT1;TANK;IFI16;HSPA1B;IRF1;POLR3B;GLMN,ANXA1;XRCC5;FAM49B;POLR3K;POLR2F;ANKRD17;POLR2K;PQBP1;AGPAT1;TANK;IFI16;HSPA1B;IRF1;POLR3B;GLMN
regulation of protein phosphorylation (GO:0001932),-0.4891460878716743,-1.471524402501428,0.09738219895287958,0.7610415684182973,262,18,NPM1;PPIL4;GAS6;CCND1;EIF2AK4;PPP1R15B;VEGFA;PAK1;DAXX;INHBB;SLIT2;PDCL3;TGFB2;CYR61;CCND3;ENG;INHBA;CD74,PPP1R15B;VEGFA;PAK1;DAXX;INHBB;SLIT2;PDCL3;TGFB2;CYR61;CCND3;ENG;INHBA;CD74
intracellular protein transport (GO:0006886),-0.47882143203745425,-1.4811241498711392,0.05424769703172978,0.788759384711561,348,25,NPM1;EIF5A;VPS29;CDC37;RAB11A;RAB14;IPO9;SEC31A;SEC61B;RAB29;RAB4A;NUP153;EVI5;RAB9A;STX6;RAB28;TBC1D12;RAB40B;TMED5;LAMP2;TBC1D2;NXT2;RAB27B;RAB9B;CD74,TBC1D12;RAB40B;TMED5;LAMP2;TBC1D2;NXT2;RAB27B;RAB9B;CD74
negative regulation of canonical Wnt signaling pathway (GO:0090090),-0.47965096397024726,-1.4496959116965007,0.12312633832976445,0.7992017359837943,149,15,UBA52;PSMB1;PSMD14;PSME3;HDAC1;IGFBP4;PSMB2;PSMD10;TMEM64;PSMB9;PSMB8;NOG;BICC1;SNAI2;MLLT3,PSMB9;PSMB8;NOG;BICC1;SNAI2;MLLT3
antigen receptor-mediated signaling pathway (GO:0050851),-0.49533409153855557,-1.4937152724516982,0.057672502574665295,0.8062666931151733,258,20,SKP1;UBA52;PSMB1;PSMD14;PSME3;UBE2N;EIF2B1;UBE2D1;BTN2A1;PSMB2;EIF2B3;PSMD10;IKBKG;PAK1;STOML2;PSMB9;PSMB8;PAG1;HLA-DRA;HLA-DRB1,HLA-DRA;HLA-DRB1
regulation of programmed cell death (GO:0043067),-0.4656871272868208,-1.4300928120652772,0.08762886597938144,0.8313121649720973,269,22,UBA52;RSL1D1;PRDX2;BNIP3L;ANP32B;STAT1;MAP3K2;TRIAP1;VCP;TANK;MAP2K3;DAPK3;PAK1;PMAIP1;INHBB;TGFB2;CHM;CRADD;WFS1;NRK;INHBA;BEX2,CHM;CRADD;WFS1;NRK;INHBA;BEX2
positive regulation of programmed cell death (GO:0043068),-0.45074638123053556,-1.401217439154184,0.11431513903192585,0.8544117912251068,258,22,UBA52;SAP18;PDCD2;EEF1E1;BNIP3L;PAWR;RRP1B;MAPK9;DNAJA1;GADD45A;DAPK3;MELK;RPS6;PMAIP1;SLIT2;DUSP6;MTCH1;CRADD;BAK1;ARHGEF9;PHLDA3;SOX4,RPS6;PMAIP1;SLIT2;DUSP6;MTCH1;CRADD;BAK1;ARHGEF9;PHLDA3;SOX4
T cell receptor signaling pathway (GO:0050852),-0.49533409153855557,-1.5020325401333794,0.06569343065693431,0.8554844584968833,164,20,SKP1;UBA52;PSMB1;PSMD14;PSME3;UBE2N;EIF2B1;UBE2D1;BTN2A1;PSMB2;EIF2B3;PSMD10;IKBKG;PAK1;STOML2;PSMB9;PSMB8;PAG1;HLA-DRA;HLA-DRB1,HLA-DRA;HLA-DRB1
regulation of canonical Wnt signaling pathway (GO:0060828),-0.46378326983531126,-1.4110543887624134,0.11715481171548117,0.8628232750292608,214,19,UBA52;PSMB1;PSMD14;PSME3;HDAC1;IGFBP4;VCP;PSMB2;EMD;DAPK3;PSMD10;TMEM64;PSMB9;PSMB8;NOG;BICC1;SNAI2;MLLT3;SOX4,PSMB9;PSMB8;NOG;BICC1;SNAI2;MLLT3;SOX4
positive regulation of intracellular protein transport (GO:0090316),0.21812596006144355,15.467652591808077,0.46875,0.8867707975274262,153,16,UBL5;UBE2D3;UBE2L3;ANP32B;UBE2J2;GAS6;RAB29;STARD7;NRG1;EMD;HNMT;FBXW7;WDR46;MBD1;SH3GLB1;NKAP,UBL5;UBE2D3;UBE2L3;ANP32B;UBE2J2;GAS6;RAB29;STARD7;NRG1;EMD;HNMT;FBXW7;WDR46;MBD1;SH3GLB1;NKAP
positive regulation of nucleic acid-templated transcription (GO:1903508),-0.4148870018173069,-1.3819443237229143,0.08333333333333333,0.8956610173057387,503,39,NPM1;ILF2;CNBP;TRIM44;HNRNPAB;HDAC2;HDAC1;NFE2L2;RNF10;NCOA4;STAT1;RSF1;MAP3K2;ENY2;FHL2;PHF19;ELF1;SMAD2;MAP2K3;SHC1;CITED2;PHF1;PPARD;HMGA1;IRF1;NR2F2;RREB1;TRERF1;F2R;SMARCA1;NRIP1;MTF2;SMARCA2;MLLT3;INHBA;SOX4;EHF;HMGN5;CD74,MLLT3;INHBA;SOX4;EHF;HMGN5;CD74
positive regulation of apoptotic process (GO:0043065),-0.4192675843152736,-1.3277650461974664,0.14795918367346939,0.9083516311772935,308,27,UBA52;SAP18;PDCD2;EEF1E1;BNIP3L;PAWR;RRP1B;BTG1;MAPK9;DNAJA1;APOPT1;GADD45A;BCAP31;DAPK3;MELK;RPS6;PMAIP1;SLIT2;F2R;TGFB2;DUSP6;MTCH1;CRADD;BAK1;ARHGEF9;PHLDA3;SOX4,RPS6;PMAIP1;SLIT2;F2R;TGFB2;DUSP6;MTCH1;CRADD;BAK1;ARHGEF9;PHLDA3;SOX4
positive regulation of establishment of protein localization to mitochondrion (GO:1903749),0.21795855717574888,13.790520659830472,0.5,0.925796342049845,111,15,YWHAQ;UBL5;UBE2D3;YWHAZ;UBE2L3;UBE2J2;DYNLL2;STARD7;NRG1;HNMT;FBXW7;WDR46;PMAIP1;SH3GLB1;NKAP,YWHAQ;UBL5;UBE2D3;YWHAZ;UBE2L3;UBE2J2;DYNLL2;STARD7;NRG1;HNMT;FBXW7;WDR46;PMAIP1;SH3GLB1;NKAP
negative regulation of cellular process (GO:0048523),-0.40292693873403085,-1.3329242757804762,0.09309309309309309,0.9288006203376993,535,42,NPM1;EEF1E1;BNIP3L;ANP32B;VAMP8;IGFBP7;LMNA;BTG1;RNF167;ORC6;CDC73;UTP20;SIPA1;TXNIP;S100A11;GMNN;ABI1;CSNK2B;UBR2;HSPA1B;MXD4;ST7L;HMGA1;IRF1;NCK2;PLPP1;SLIT2;F2R;TGFB2;LPXN;BST2;FHL1;ITGA1;SNX3;NEDD4L;SMARCA2;CYR61;ADARB1;HIST1H2AC;NOV;INHBA;SOX4,SLIT2;F2R;TGFB2;LPXN;BST2;FHL1;ITGA1;SNX3;NEDD4L;SMARCA2;CYR61;ADARB1;HIST1H2AC;NOV;INHBA;SOX4
positive regulation of protein ubiquitination involved in ubiquitin-dependent protein catabolic process (GO:2000060),0.18726016884113655,13.2150782113278,0.6567164179104478,0.9295861176977798,88,15,SKP1;UBA52;PSMB1;CDC26;PSMD14;PSME3;CDC20;ANAPC5;CDC16;UBE2D1;PSMB2;PSMD10;FBXW7;PSMB9;PSMB8,SKP1;UBA52;PSMB1;CDC26;PSMD14;PSME3;CDC20;ANAPC5;CDC16;UBE2D1;PSMB2;PSMD10;FBXW7;PSMB9;PSMB8
ER to Golgi vesicle-mediated transport (GO:0006888),0.1483474250576498,13.903604391971609,0.8269230769230769,0.9458708206169659,181,17,CAPZB;CNIH1;DYNC1I2;CNIH4;ERGIC1;SEC31A;DCTN3;DYNLL2;GAS6;PEF1;TRAPPC3;BCAP31;CAPZA1;CD55;IER3IP1;VAMP7;TMED5,CAPZB;CNIH1;DYNC1I2;CNIH4;ERGIC1;SEC31A;DCTN3;DYNLL2;GAS6;PEF1;TRAPPC3;BCAP31;CAPZA1;CD55;IER3IP1;VAMP7;TMED5
Fc-epsilon receptor signaling pathway (GO:0038095),0.18726016884113725,11.220985802347188,0.7297297297297297,0.9482647122224618,183,15,SKP1;UBA52;PSMB1;PSMD14;PSME3;MAPK9;UBE2N;UBE2D1;PSMB2;SHC1;PSMD10;IKBKG;PAK1;PSMB9;PSMB8,SKP1;UBA52;PSMB1;PSMD14;PSME3;MAPK9;UBE2N;UBE2D1;PSMB2;SHC1;PSMD10;IKBKG;PAK1;PSMB9;PSMB8
Fc receptor signaling pathway (GO:0038093),0.18726016884113725,11.964647419953707,0.7313432835820896,0.9499734488614556,184,15,SKP1;UBA52;PSMB1;PSMD14;PSME3;MAPK9;UBE2N;UBE2D1;PSMB2;SHC1;PSMD10;IKBKG;PAK1;PSMB9;PSMB8,SKP1;UBA52;PSMB1;PSMD14;PSME3;MAPK9;UBE2N;UBE2D1;PSMB2;SHC1;PSMD10;IKBKG;PAK1;PSMB9;PSMB8
negative regulation of cell proliferation (GO:0008285),-0.40434831150094735,-1.2912110061871056,0.16954314720812183,0.9521537499774587,364,28,NPM1;EEF1E1;IGFBP7;LMNA;BTG1;CDC73;UTP20;E2F3;S100A11;ABI1;CSNK2B;HSPA1B;EMD;MXD4;HMGA1;IRF1;NCK2;PLPP1;F2R;TGFB2;NOG;ITGA1;SMARCA2;ADARB1;HIST1H2AC;NOV;INHBA;SOX4,F2R;TGFB2;NOG;ITGA1;SMARCA2;ADARB1;HIST1H2AC;NOV;INHBA;SOX4
cytokine-mediated signaling pathway (GO:0019221),-0.379121085715613,-1.2574128831221711,0.15747241725175526,0.9569262885274451,634,43,SKP1;ANXA1;UBA52;TMSB4X;PSMB1;RPLP0;YWHAZ;PSMD14;ARF1;HLA-A;JAK1;SNRPA1;MCL1;PSME3;STAT1;UBE2N;IFNGR2;ADIPOR1;CDC42;CASP3;CCND1;TANK;CSNK2B;LIMS1;PSMB2;BRWD1;SHC1;MSN;PSMD10;IKBKG;VEGFA;IRF1;CAPZA1;HLA-C;BST2;PSMB9;PSMB8;HLA-B;IL13RA1;GBP1;CCL26;HLA-DRA;HLA-DRB1,GBP1;CCL26;HLA-DRA;HLA-DRB1
cellular protein localization (GO:0034613),-0.4293020070960455,-1.3363258656939638,0.15297741273100615,0.9621764210298529,328,24,NPM1;VPS29;RAB11A;RAB14;FLNA;SEPT11;SEC31A;RAB29;RRAGA;RAB4A;PIGK;TMEM33;EVI5;RAB9A;STX6;RAB28;TBC1D12;RAB40B;TMED5;RRAGB;TBC1D2;RAB27B;RAB9B;CD74,TBC1D12;RAB40B;TMED5;RRAGB;TBC1D2;RAB27B;RAB9B;CD74
antigen processing and presentation of exogenous peptide antigen via MHC class I (GO:0042590),-0.42734681760085147,-1.2718852317116878,0.23350785340314137,0.9641181157011189,79,17,PSMB1;PSMD14;HLA-A;PSME3;VAMP8;SNAP23;PSMB2;TAPBP;PSMD10;IKBKG;HLA-C;PSMB9;PSMB8;HLA-B;ITGB5;TAP1;NCF2,PSMB9;PSMB8;HLA-B;ITGB5;TAP1;NCF2
phosphate-containing compound metabolic process (GO:0006796),-0.4210974311867497,-1.2628621745821853,0.25738396624472576,0.9670088275230105,184,16,DUSP4;AGPAT1;PLCD3;INPP1;NADK;SLC20A1;APTX;INPP4B;NUDT3;PLPP1;DUSP23;G6PD;PGK1;HDHD2;PLPP4;ISYNA1,NADK;SLC20A1;APTX;INPP4B;NUDT3;PLPP1;DUSP23;G6PD;PGK1;HDHD2;PLPP4;ISYNA1
protein transport (GO:0015031),-0.4255377671278956,-1.354650395348006,0.1056338028169014,0.97771607245335,327,33,NPM1;VPS29;ATP6V0E1;RAB11A;TIMM13;ATP6V1E1;RAB14;ATP6V0D1;SEC31A;ATP6V1G1;ATP6V0B;RAB29;OPTN;RAB4A;NDC1;EVI5;PEX19;RAB9A;ATP6V1C1;STX6;RAB28;RAP1A;TBC1D12;RAB40B;TMED5;LAMP2;TBC1D2;ATP6AP1;MCOLN1;RAB27B;TIMM8A;RAB9B;CD74,RAB40B;TMED5;LAMP2;TBC1D2;ATP6AP1;MCOLN1;RAB27B;TIMM8A;RAB9B;CD74
organonitrogen compound biosynthetic process (GO:1901566),-0.41977035910648774,-1.2365240820125964,0.2751322751322751,0.9812966981443968,182,16,HACD3;DEGS1;MBIP;STARD7;MGST3;CSNK2B;SPTLC2;ST3GAL4;TYW5;PLPP1;GCNT1;SLC44A2;NMRAL1;PCTP;GLUL;INHBA,NMRAL1;PCTP;GLUL;INHBA
regulation of cell growth (GO:0001558),-0.4272296748512483,-1.2932839040473825,0.21465968586387435,0.9844152436437992,202,18,H3F3A;BTG1;SLC25A33;CDC42;SIPA1;HSPA1B;ST7L;PSMD10;EXOSC4;FXN;SLIT2;TGFB2;BST2;FHL1;TAF9B;SMARCA2;NOV;INHBA,SLIT2;TGFB2;BST2;FHL1;TAF9B;SMARCA2;NOV;INHBA
positive regulation of I-kappaB kinase/NF-kappaB signaling (GO:0043123),-0.3715098187143262,-1.1584717274343765,0.34782608695652173,0.9922188024544332,164,22,FKBP1A;UBA52;MTDH;FLNA;MIER1;UBE2N;ANKRD17;SHARPIN;NEK6;SLC20A1;TSPAN6;IKBKG;F2RL1;LITAF;SLC35B2;RHOC;F2R;BST2;TRAF5;SLC44A2;S100A4;CD74,SLC20A1;TSPAN6;IKBKG;F2RL1;LITAF;SLC35B2;RHOC;F2R;BST2;TRAF5;SLC44A2;S100A4;CD74
platelet degranulation (GO:0002576),-0.41387296837446724,-1.2741704068024449,0.21784232365145229,0.9922921838652088,125,20,TMSB4X;FAM49B;OLA1;FLNA;VEGFC;GAS6;TLN1;SCCPDH;VEGFA;WDR1;STXBP2;BRPF3;TIMP3;TGFB2;APOOL;ENDOD1;LAMP2;MAGED2;RAB27B;SPARC,VEGFA;WDR1;STXBP2;BRPF3;TIMP3;TGFB2;APOOL;ENDOD1;LAMP2;MAGED2;RAB27B;SPARC
regulated exocytosis (GO:0045055),-0.4323511165172523,-1.3407292853121884,0.14651639344262296,0.9925833979518437,149,22,TMSB4X;FAM49B;OLA1;FLNA;VEGFC;GAS6;TLN1;SCCPDH;VEGFA;WDR1;STXBP2;ARHGAP17;BRPF3;TIMP3;VAMP7;TGFB2;APOOL;ENDOD1;LAMP2;MAGED2;RAB27B;SPARC,VEGFA;WDR1;STXBP2;ARHGAP17;BRPF3;TIMP3;VAMP7;TGFB2;APOOL;ENDOD1;LAMP2;MAGED2;RAB27B;SPARC
positive regulation of protein phosphorylation (GO:0001934),-0.38839125351593184,-1.2265424380625343,0.254341164453524,0.9925903461787627,413,25,XRCC5;TXN;UBE2K;CAV2;PFN2;GAS6;CCND1;CSNK2B;MAP2K3;CDK9;SHC1;VEGFA;TRAF4;PAK1;DAXX;INHBB;RAP1A;F2R;TGFB2;CYR61;RAP2C;CCND3;ENG;INHBA;CD74,INHBB;RAP1A;F2R;TGFB2;CYR61;RAP2C;CCND3;ENG;INHBA;CD74
cilium assembly (GO:0060271),-0.11197530096137064,-0.3417928856065477,1.0,0.999104357391456,289,19,ACTR3;ACTR2;TUBB;RAB11A;DYNC1I2;FLNA;ATP6V0D1;SEPT11;DCTN3;DYNLL2;RILPL2;ABLIM1;BBS7;HSPB11;MAPRE2;ASAP1;MBD1;FNBP1L;HAUS6,ASAP1;MBD1;FNBP1L;HAUS6
"positive regulation of transcription, DNA-templated (GO:0045893)",-0.3550969735093363,-1.2368256519258634,0.126,1.0,1121,75,NPM1;UBA52;GTF2A2;ILF2;CNBP;HNRNPK;H2AFZ;TRIM44;SUPT4H1;YBX1;IER2;PPP1R12A;HNRNPAB;HDAC2;HDAC1;NFE2L2;RRP1B;RNF10;NCOA4;STAT1;RSF1;CDC5L;MAP3K2;CDC73;E2F3;ENY2;FHL2;TRIAP1;PHF19;ELF1;HSF1;IFI16;SMAD2;MAP2K3;CDK9;MLLT10;PBX2;SHC1;CITED2;PHF1;PPARD;IKBKG;HMGA1;VEGFA;IRF1;NR2F2;NFIA;F2RL1;NCK2;RREB1;LITAF;TRERF1;JUND;F2R;SMARCA1;RBPJ;ZNF76;NKRF;NRIP1;ATRX;SRF;TAF9B;MTF2;SMARCA2;CYR61;ONECUT2;ENG;RELB;MOSPD1;MLLT3;INHBA;SOX4;EHF;HMGN5;CD74,F2R;SMARCA1;RBPJ;ZNF76;NKRF;NRIP1;ATRX;SRF;TAF9B;MTF2;SMARCA2;CYR61;ONECUT2;ENG;RELB;MOSPD1;MLLT3;INHBA;SOX4;EHF;HMGN5;CD74
positive regulation of transcription from RNA polymerase II promoter (GO:0045944),-0.34944086739538144,-1.1919996986861452,0.2154308617234469,1.0,849,59,NPM1;UBA52;GTF2A2;CNBP;HNRNPK;H2AFZ;SUPT4H1;YBX1;IER2;PPP1R12A;HDAC2;HDAC1;NFE2L2;RRP1B;RNF10;STAT1;CDC5L;CDC73;GTF2B;E2F3;TRIAP1;ELF1;HSF1;IFI16;SMAD2;CDK9;MLLT10;PBX2;CITED2;PPARD;IKBKG;HMGA1;VEGFA;IRF1;INSIG2;NFIA;F2RL1;NCK2;RREB1;LITAF;JUND;TGFB2;RBPJ;ZNF76;NKRF;NRIP1;ATRX;SRF;TAF9B;MTF2;SMARCA2;CYR61;ONECUT2;ENG;RELB;MOSPD1;INHBA;SOX4;EHF,TGFB2;RBPJ;ZNF76;NKRF;NRIP1;ATRX;SRF;TAF9B;MTF2;SMARCA2;CYR61;ONECUT2;ENG;RELB;MOSPD1;INHBA;SOX4;EHF
"antigen processing and presentation of exogenous peptide antigen via MHC class I, TAP-dependent (GO:0002479)",-0.42734681760085147,-1.2959347627564504,0.23157894736842105,1.0,76,17,PSMB1;PSMD14;HLA-A;PSME3;VAMP8;SNAP23;PSMB2;TAPBP;PSMD10;IKBKG;HLA-C;PSMB9;PSMB8;HLA-B;ITGB5;TAP1;NCF2,PSMB9;PSMB8;HLA-B;ITGB5;TAP1;NCF2
regulation of intracellular signal transduction (GO:1902531),-0.3757805502002305,-1.2030513022187572,0.2532795156407669,1.0,423,35,UBA52;TMSB4X;HDAC2;HDAC1;PAK1IP1;RPL5;CDC42;ARHGAP10;OPTN;CSNK2B;MAPKAPK5;TAF5;HIPK1;PIP5K1A;GDI1;IKBKG;ARHGAP29;PAK1;F2RL1;ARHGAP17;RHOC;INHBB;IER3;TRIP10;MAPK14;TGFB2;TAF11;FAM13A;TAF9B;RRAGB;OPHN1;ARHGEF9;GBP1;NUAK1;INHBA,TAF5;HIPK1;PIP5K1A;GDI1;IKBKG;ARHGAP29;PAK1;F2RL1;ARHGAP17;RHOC;INHBB;IER3;TRIP10;MAPK14;TGFB2;TAF11;FAM13A;TAF9B;RRAGB;OPHN1;ARHGEF9;GBP1;NUAK1;INHBA
positive regulation of cell proliferation (GO:0008284),-0.36962803185195686,-1.180013247312517,0.25502008032128515,1.0,425,34,NPM1;EIF5A;CNBP;NAP1L1;HDAC2;HDAC1;CIAO1;STAT1;VEGFC;SLC25A33;GAS6;NRG1;CHTOP;HSF1;RPS4X;MCTS1;EFNB2;SHC1;SCN5A;VEGFA;PAK1;FXN;MECP2;SLC25A5;F2R;TGFB2;RBPJ;LAMC2;UBE2A;CYR61;FGF5;SOX4;HMGN5;CD74,F2R;TGFB2;RBPJ;LAMC2;UBE2A;CYR61;FGF5;SOX4;HMGN5;CD74
regulation of apoptotic process (GO:0042981),-0.32718363006356027,-1.1319008349058757,0.26926926926926925,1.0,816,73,NPM1;ANXA1;UBA52;HNRNPK;RSL1D1;SAP18;YWHAZ;PDCD2;PRDX2;KRT18;EEF1E1;BNIP3L;ANP32B;MCL1;PAWR;MTDH;HDAC2;HDAC1;FLNA;RRP1B;STAT1;MAPK9;MAP3K2;DNAJA1;FHL2;GAS6;TRIAP1;CASP3;ARHGAP10;VCP;TANK;ATAD3A;SIGMAR1;MAP2K3;RPL10;HSPA1B;GADD45A;NOL3;DAPK3;MELK;MAEA;SHC1;CITED2;PSMD10;VEGFA;PAK1;FXN;LAMTOR5;DHCR24;TOPORS;RPS6;PMAIP1;INHBB;BAG1;IER3IP1;SLIT2;RNF144B;TGFB2;DUSP6;GLO1;TAF9B;MTCH1;CHM;CRADD;BAK1;ARHGEF9;PHLDA3;NRK;INHBA;BEX2;SOX4;HMGN5;CD74,TOPORS;RPS6;PMAIP1;INHBB;BAG1;IER3IP1;SLIT2;RNF144B;TGFB2;DUSP6;GLO1;TAF9B;MTCH1;CHM;CRADD;BAK1;ARHGEF9;PHLDA3;NRK;INHBA;BEX2;SOX4;HMGN5;CD74
protein stabilization (GO:0050821),-0.4045215236879459,-1.2117228933859918,0.2824267782426778,1.0,153,17,CCT8;CCT3;CDC37;HSP90AB1;SUMO1;TRIM44;FLNA;PFN2;RPL5;HSPA1B;FBXW7;PEX19;ATP1B1;TAF9B;LAMP2;WFS1;SOX4,TAF9B;LAMP2;WFS1;SOX4
"DNA-templated transcription, elongation (GO:0006354)",-0.39030859322984357,-1.1817753589848092,0.31747673216132366,1.0,109,19,GTF2A2;SUPT4H1;TWISTNB;POLR2F;CD3EAP;CDC73;GTF2B;POLR2K;ZNRD1;POLR2B;CDK9;NELFA;TAF5;POLR2A;TAF11;POLR1E;TAF9B;GTF2F1;MLLT3,POLR2A;TAF11;POLR1E;TAF9B;GTF2F1;MLLT3
positive regulation of macromolecule biosynthetic process (GO:0010557),-0.40116034344545487,-1.1850717167001306,0.3315677966101695,1.0,143,16,NPM1;EIF3E;RPS27L;HDAC2;ELAVL1;HDAC1;RPL5;SVIP;RPS4X;SHC1;RAB3GAP1;F2R;TGFB2;UPF3B;CREB3L1;SOX4,UPF3B;CREB3L1;SOX4
chromatin remodeling (GO:0006338),-0.38497906489289746,-1.1586388947630455,0.33645833333333336,1.0,117,18,NPM1;SUPT4H1;ANP32B;HDAC2;HDAC1;RSF1;DEK;HMGB3;HMG20A;SP140L;DAXX;SMARCA1;INO80C;ATRX;MBD2;MORF4L2;SMARCA2;SP140,SMARCA1;INO80C;ATRX;MBD2;MORF4L2;SMARCA2;SP140
transcription elongation from RNA polymerase II promoter (GO:0006368),-0.41028093109215763,-1.1635575088518806,0.3567681007345226,1.0,96,15,GTF2A2;SUPT4H1;POLR2F;CDC73;GTF2B;POLR2K;POLR2B;CDK9;NELFA;TAF5;POLR2A;TAF11;TAF9B;GTF2F1;MLLT3,POLR2A;TAF11;TAF9B;GTF2F1;MLLT3
protein targeting (GO:0006605),-0.38656657365802005,-1.1740445631770662,0.3576017130620985,1.0,134,15,CDC37;TOMM20;TIMM13;TOMM40;OPTN;TIMM10B;TIMM17A;PEX19;TOMM5;ATG4C;ATG4D;LAMP2;CHM;ATG4A;ZDHHC9,ATG4D;LAMP2;CHM;ATG4A;ZDHHC9
regulation of transcription from RNA polymerase II promoter (GO:0006357),-0.2950171025342452,-1.0570552117945187,0.363,1.0,1479,116,NPM1;UBA52;GTF2A2;NUCKS1;CNBP;HNRNPK;SLTM;SAP18;UBE2D3;H2AFZ;SUMO1;SUPT4H1;PPIL4;YBX1;H2AFY;RAD21;IER2;PPP1R12A;MTDH;HDAC2;HDAC1;CIAO1;NFE2L2;RRP1B;RNF10;STAT1;CDC5L;CDC73;TCF19;E2F3;ENY2;FHL2;TRIAP1;CCND1;ZMYM1;LYAR;ELF1;HSF1;ZMYM4;DEK;MED20;IFI16;SMAD2;UBE2D1;ATN1;CDK9;RPL10;MED31;NFYC;MLLT10;TRIM27;BBS7;BRWD1;HDAC8;PBX2;DR1;TCEAL4;MXD4;ZHX1;DMAP1;CITED2;PSMD10;PPARD;IKBKG;HMGA1;HCFC2;VEGFA;IRF1;NR2F2;RPAP2;PHF6;NFIA;F2RL1;NCK2;RREB1;MECP2;TCEAL3;LITAF;RNF2;TRERF1;MBD1;CHRDL1;JUND;IGBP1;MAPK14;BRD2;TRIM33;TGFB2;RBPJ;TCEAL1;ZNF76;NKRF;NRIP1;HTATSF1;NOG;ATRX;KCTD1;MBD2;SRF;TAF9B;NEDD4L;MTF2;SMARCA2;CYR61;TCEAL8;WFS1;ONECUT2;SNAI2;ENG;RELB;MOSPD1;BRWD3;INHBA;SOX4;EHF;HMGN5,PHF6;NFIA;F2RL1;NCK2;RREB1;MECP2;TCEAL3;LITAF;RNF2;TRERF1;MBD1;CHRDL1;JUND;IGBP1;MAPK14;BRD2;TRIM33;TGFB2;RBPJ;TCEAL1;ZNF76;NKRF;NRIP1;HTATSF1;NOG;ATRX;KCTD1;MBD2;SRF;TAF9B;NEDD4L;MTF2;SMARCA2;CYR61;TCEAL8;WFS1;ONECUT2;SNAI2;ENG;RELB;MOSPD1;BRWD3;INHBA;SOX4;EHF;HMGN5
negative regulation of Wnt signaling pathway (GO:0030178),-0.3729991770724481,-1.1306764913823641,0.3659043659043659,1.0,175,18,UBA52;PSMB1;PSMD14;PSME3;HDAC1;IGFBP4;PSMB2;TLE1;PSMD10;TMEM64;SHISA2;NXN;PSMB9;PSMB8;NOG;BICC1;SNAI2;MLLT3,PSMB9;PSMB8;NOG;BICC1;SNAI2;MLLT3
regulation of cell proliferation (GO:0042127),-0.32392175617066293,-1.079209870301174,0.371,1.0,741,52,NPM1;EIF5A;CNBP;NAP1L1;XRCC5;EEF1E1;JAK1;IGFBP7;HDAC2;HDAC1;LMNA;CIAO1;BTG1;CDC73;UTP20;VEGFC;SLC25A33;S100A11;NRG1;CHTOP;HSF1;ABI1;CSNK2B;RPS4X;MCTS1;EFNB2;HSPA1B;MXD4;SHC1;HMGA1;VEGFA;IRF1;PAK1;FXN;NCK2;MECP2;PLPP1;SLC25A5;JUND;F2R;TGFB2;ITGA1;LAMC2;UBE2A;SMARCA2;FGF5;ADARB1;HIST1H2AC;NUAK1;INHBA;SOX4;HMGN5,ITGA1;LAMC2;UBE2A;SMARCA2;FGF5;ADARB1;HIST1H2AC;NUAK1;INHBA;SOX4;HMGN5
regulation of cell cycle (GO:0051726),-0.36949410945617306,-1.1250822838803674,0.38295687885010266,1.0,216,22,RNF167;MAP3K2;ANKRD17;SIPA1;CCND1;GMNN;DYNLT3;MAP2K3;GADD45A;NEK6;DAPK3;MAEA;CITED2;IRF1;PAK1;YY1AP1;JUND;TGFB2;ADARB1;NRK;INHBA;BEX2,ADARB1;NRK;INHBA;BEX2
regulation of gene expression (GO:0010468),-0.3023596317524178,-1.0528143495238347,0.391,1.0,1038,72,CNBP;RPL6;EIF4A2;SLTM;UBE2L3;TRIM44;SUPT4H1;YBX1;H2AFY;GLRX2;REXO4;HDAC1;NFE2L2;RRP1B;BTG1;MLF1;MAPK9;ZNHIT3;RPL5;GAS6;PQBP1;UTP4;TIPARP;IFI16;LIMS1;NFYC;HSPA1B;HMGB3;ZNF322;MYCBP;DAPK3;TDG;TLE1;TAPBP;CITED2;MSN;ZNF33A;HMG20A;HMGA1;VEGFA;SP140L;SART3;UBAP2L;UBAP2;CLK1;DAXX;YY1AP1;NFIA;RREB1;MECP2;ATP1B1;EFEMP1;DTNBP1;MBNL2;MAPK14;SRPK1;TGFB2;NONO;GLMN;EPB41L4B;NOG;POLR2A;ATRX;ZNF326;SMARCA2;SP140;RLIM;ENG;ZNF532;INHBA;SOX4;HMGN5,ZNF322;MYCBP;DAPK3;TDG;TLE1;TAPBP;CITED2;MSN;ZNF33A;HMG20A;HMGA1;VEGFA;SP140L;SART3;UBAP2L;UBAP2;CLK1;DAXX;YY1AP1;NFIA;RREB1;MECP2;ATP1B1;EFEMP1;DTNBP1;MBNL2;MAPK14;SRPK1;TGFB2;NONO;GLMN;EPB41L4B;NOG;POLR2A;ATRX;ZNF326;SMARCA2;SP140;RLIM;ENG;ZNF532;INHBA;SOX4;HMGN5
regulation of nucleic acid-templated transcription (GO:1903506),-0.3312753850476123,-1.0810868258888646,0.39253279515640765,1.0,608,34,CNBP;RPL6;UBE2L3;SUPT4H1;YBX1;GLRX2;REXO4;BTG1;MLF1;ZNHIT3;UTP4;NFYC;HMGB3;ZNF322;MYCBP;DAPK3;ZNF33A;HMG20A;HMGA1;SP140L;DAXX;YY1AP1;NFIA;RREB1;EFEMP1;NONO;POLR2A;ATRX;SMARCA2;SP140;ENG;ZNF532;SOX4;HMGN5,HMGB3;ZNF322;MYCBP;DAPK3;ZNF33A;HMG20A;HMGA1;SP140L;DAXX;YY1AP1;NFIA;RREB1;EFEMP1;NONO;POLR2A;ATRX;SMARCA2;SP140;ENG;ZNF532;SOX4;HMGN5
positive regulation of gene expression (GO:0010628),-0.30224029016788007,-1.0427737080999822,0.399,1.0,772,70,NPM1;ILF2;CNBP;TRIM44;TWISTNB;H3F3A;H2AFY;POLR2F;EIF3E;RPS27L;HNRNPAB;HDAC2;ELAVL1;HDAC1;NFE2L2;RIOK1;RNF10;NCOA4;STAT1;RSF1;MAPK9;MAP3K2;CD3EAP;RPL5;ENY2;FHL2;GAS6;POLR2K;ZNRD1;PHF19;ELF1;DEK;SMAD2;MAP2K3;LIMS1;RPS4X;HSPA1B;SHC1;TLE1;CITED2;MSN;PHF1;PPARD;HMGA1;VEGFA;IRF1;NR2F2;UBAP2L;UBAP2;RREB1;TRERF1;DTNBP1;MAPK14;F2R;SMARCA1;EPB41L4B;NRIP1;NOG;POLR2A;POLR1E;MTF2;SMARCA2;DYRK1A;UPF3B;MLLT3;INHBA;SOX4;EHF;HMGN5;CD74,MAPK14;F2R;SMARCA1;EPB41L4B;NRIP1;NOG;POLR2A;POLR1E;MTF2;SMARCA2;DYRK1A;UPF3B;MLLT3;INHBA;SOX4;EHF;HMGN5;CD74
negative regulation of nucleic acid-templated transcription (GO:1903507),-0.31673319657624965,-1.0461199559453898,0.4271356783919598,1.0,445,41,YWHAQ;EIF4A2;XRCC5;SUMO1;ZNF706;HDAC2;HDAC1;RSF1;GAS6;NRG1;GMNN;IFI16;SMAD2;LIMS1;JARID2;SHC1;ZHX1;TLE1;DMAP1;CITED2;PPARD;HMGA1;CIR1;IRF1;NR2F2;RING1;DAXX;MECP2;WWP1;MBD1;MTERF3;TRIM33;NKAP;RBPJ;NONO;ATP8B1;NKRF;KCTD1;MBD2;SMARCA2;RLIM,SHC1;ZHX1;TLE1;DMAP1;CITED2;PPARD;HMGA1;CIR1;IRF1;NR2F2;RING1;DAXX;MECP2;WWP1;MBD1;MTERF3;TRIM33;NKAP;RBPJ;NONO;ATP8B1;NKRF;KCTD1;MBD2;SMARCA2;RLIM
positive regulation of macromolecule metabolic process (GO:0010604),-0.34743592645156324,-1.049064775034428,0.46494845360824744,1.0,277,20,NFE2L2;MAPK9;RPL5;GAS6;RAB29;LIMS1;HSPA1B;TLE1;CITED2;MSN;VEGFA;UBAP2L;UBAP2;DTNBP1;MAPK14;EPB41L4B;NOG;WFS1;INHBA;HMGN5,TLE1;CITED2;MSN;VEGFA;UBAP2L;UBAP2;DTNBP1;MAPK14;EPB41L4B;NOG;WFS1;INHBA;HMGN5
positive regulation of multicellular organismal process (GO:0051240),-0.37507972235067166,-1.0941067578337202,0.46744930629669157,1.0,203,15,RPS19;RAB11A;H2AFY;VAMP8;GAS6;AGPAT1;IFI16;SMAD2;F2RL1;RREB1;INHBB;VAMP7;TGFB2;RBPJ;INHBA,F2RL1;RREB1;INHBB;VAMP7;TGFB2;RBPJ;INHBA
cellular transition metal ion homeostasis (GO:0046916),-0.3606993304849098,-1.0677288856557638,0.47619047619047616,1.0,94,16,SKP1;UBA52;ARF1;MT1E;ATP6V0D1;ATP6V1G1;HMOX2;ISCU;ACO1;MT1X;SLC39A4;SLC39A7;FXN;ABCB7;ATP6AP1;MT1F,ABCB7;ATP6AP1;MT1F
negative regulation of cellular macromolecule biosynthetic process (GO:2000113),-0.3023453037476959,-1.0072340058703293,0.47695390781563124,1.0,513,42,YWHAQ;XRCC5;SUMO1;ZNF706;HDAC2;HDAC1;RSF1;GAS6;S100A11;NRG1;GMNN;IFI16;SMAD2;LIMS1;JARID2;DAPK3;SHC1;ZHX1;TLE1;DMAP1;CITED2;PPARD;HMGA1;CIR1;IRF1;NR2F2;RING1;DAXX;MECP2;WWP1;MBD1;MTERF3;TRIM33;NKAP;RBPJ;NONO;ATP8B1;NKRF;KCTD1;MBD2;SMARCA2;RLIM,JARID2;DAPK3;SHC1;ZHX1;TLE1;DMAP1;CITED2;PPARD;HMGA1;CIR1;IRF1;NR2F2;RING1;DAXX;MECP2;WWP1;MBD1;MTERF3;TRIM33;NKAP;RBPJ;NONO;ATP8B1;NKRF;KCTD1;MBD2;SMARCA2;RLIM
MAPK cascade (GO:0000165),-0.3386820737099249,-1.025775423668036,0.49270833333333336,1.0,279,19,SKP1;UBA52;PSMB1;PSMD14;JAK1;PSME3;PEA15;NRG1;HSF1;MAPKAPK5;PSMB2;SHC1;PSMD10;IKBKG;DUSP6;PSMB9;PSMB8;FGF5;NRK,DUSP6;PSMB9;PSMB8;FGF5;NRK
Ras protein signal transduction (GO:0007265),-0.3233157077118148,-1.0066171444048895,0.5020491803278688,1.0,224,24,RAB11A;HACD3;RAB14;EPS8L2;ABI2;RAB29;CDC42;RAB4A;MAPKAPK5;SHC1;GDI1;ARHGAP29;PAK1;RAB9A;RREB1;RHOC;RAB28;RAP1A;MAPK14;RIT1;RAB40B;RAP2C;RAB27B;RAB9B,GDI1;ARHGAP29;PAK1;RAB9A;RREB1;RHOC;RAB28;RAP1A;MAPK14;RIT1;RAB40B;RAP2C;RAB27B;RAB9B
positive regulation of intracellular signal transduction (GO:1902533),-0.3082363734973113,-1.0040435177784983,0.5030181086519114,1.0,480,40,FKBP1A;UBA52;RHEB;TXN;TRIM44;MTDH;FLNA;MIER1;CAV2;UBE2N;GAS6;ANKRD17;RRAGA;SHARPIN;NRG1;LIMS1;BCAP31;NEK6;SHC1;SLC20A1;TSPAN6;IKBKG;VEGFA;LAMTOR5;F2RL1;LITAF;PMAIP1;SLC35B2;RHOC;F2R;TGFB2;BST2;TRAF5;SLC44A2;RRAGB;WDR24;FGF5;ENG;S100A4;CD74,SLC20A1;TSPAN6;IKBKG;VEGFA;LAMTOR5;F2RL1;LITAF;PMAIP1;SLC35B2;RHOC;F2R;TGFB2;BST2;TRAF5;SLC44A2;RRAGB;WDR24;FGF5;ENG;S100A4;CD74
regulation of cellular macromolecule biosynthetic process (GO:2000112),-0.29939413296975914,-0.9916040212862751,0.5140845070422535,1.0,632,40,NUCKS1;CNBP;RPL6;UBE2L3;SUPT4H1;YBX1;GLRX2;REXO4;BTG1;MLF1;ZNHIT3;ANKRD17;UTP4;RPL10;NFYC;MAPKAPK5;HMGB3;ZNF322;MYCBP;DAPK3;ZNF33A;HMG20A;HMGA1;SP140L;PUM3;DAXX;YY1AP1;NFIA;RREB1;EFEMP1;NONO;POLR2A;ATRX;USP37;SMARCA2;SP140;ENG;ZNF532;SOX4;HMGN5,POLR2A;ATRX;USP37;SMARCA2;SP140;ENG;ZNF532;SOX4;HMGN5
negative regulation of transcription from RNA polymerase II promoter (GO:0000122),-0.29365189265052677,-0.9857438818236037,0.5240480961923848,1.0,566,59,UBA52;CNBP;UBE2D3;SUMO1;SUPT4H1;H2AFY;MTDH;HDAC2;HDAC1;STAT1;CDC73;DNAJB1;FHL2;CCND1;LYAR;HSF1;IFI16;SMAD2;UBE2D1;ATN1;RPL10;TRIM27;HDAC8;DR1;MXD4;ZHX1;DMAP1;CITED2;PSMD10;PPARD;HCFC2;VEGFA;NR2F2;PHF6;NFIA;RREB1;MECP2;RNF2;MBD1;JUND;IGBP1;TRIM33;RBPJ;TCEAL1;NRIP1;NOG;ATRX;KCTD1;MBD2;SRF;TAF9B;NEDD4L;MTF2;SMARCA2;WFS1;SNAI2;RNF8;RELB;MOSPD1,PHF6;NFIA;RREB1;MECP2;RNF2;MBD1;JUND;IGBP1;TRIM33;RBPJ;TCEAL1;NRIP1;NOG;ATRX;KCTD1;MBD2;SRF;TAF9B;NEDD4L;MTF2;SMARCA2;WFS1;SNAI2;RNF8;RELB;MOSPD1
regulation of cytokine-mediated signaling pathway (GO:0001959),-0.3400165467499065,-1.0165340291592246,0.5274841437632135,1.0,91,16,UBA52;CDC37;HSP90AB1;SUMO1;TRIM44;JAK1;STAT1;IFNGR2;GAS6;SHARPIN;ELF1;AGPAT1;TANK;HIPK1;IKBKG;CD74,CD74
"regulation of transcription, DNA-templated (GO:0006355)",-0.27214887060455006,-0.9771902730421177,0.544,1.0,1599,122,NPM1;YWHAQ;NUCKS1;ILF2;CNBP;RPL6;SLTM;SAP18;XRCC5;UBE2L3;SUMO1;TRIM44;SUPT4H1;ZNF706;YBX1;GLRX2;RAD21;HNRNPAB;HDAC2;REXO4;HDAC1;CIAO1;NFE2L2;BTG1;RNF10;NCOA4;STAT1;RSF1;CDC5L;MLF1;MAP3K2;ZNHIT3;TCF19;ENY2;FHL2;GAS6;POLR2K;PHF19;NRG1;ZMYM1;GMNN;UTP4;ELF1;ZMYM4;DEK;MED20;IFI16;SMAD2;MAP2K3;LIMS1;MED31;NFYC;BBS7;HMGB3;BRWD1;JARID2;ZNF322;TCEAL4;MYCBP;DAPK3;SHC1;ZHX1;TLE1;DMAP1;CITED2;PHF1;ZNF33A;PPARD;HMG20A;HMGA1;HCFC2;CIR1;VEGFA;IRF1;NR2F2;SP140L;RING1;DAXX;YY1AP1;NFIA;RREB1;MECP2;WWP1;TCEAL3;LITAF;TRERF1;MBD1;EFEMP1;JUND;MAPK14;BRD2;F2R;MTERF3;SMARCA1;TRIM33;NKAP;RBPJ;NONO;ZNF76;ATP8B1;NKRF;NRIP1;HTATSF1;POLR2A;ATRX;KCTD1;ZNF326;MBD2;MTF2;SMARCA2;TCEAL8;SP140;RLIM;ENG;ZNF532;MLLT3;BRWD3;INHBA;SOX4;EHF;HMGN5;CD74,MAPK14;BRD2;F2R;MTERF3;SMARCA1;TRIM33;NKAP;RBPJ;NONO;ZNF76;ATP8B1;NKRF;NRIP1;HTATSF1;POLR2A;ATRX;KCTD1;ZNF326;MBD2;MTF2;SMARCA2;TCEAL8;SP140;RLIM;ENG;ZNF532;MLLT3;BRWD3;INHBA;SOX4;EHF;HMGN5;CD74
apoptotic process (GO:0006915),-0.327436345850398,-0.9884934686696699,0.5454545454545454,1.0,232,19,EIF5A;RFK;GLRX2;PAWR;CASP3;ATN1;GADD45A;DAPK3;MELK;PPARD;IKBKG;NUDT2;IRF1;DAXX;DHCR24;PMAIP1;IER3;BAK1;CXCR4,GADD45A;DAPK3;MELK;PPARD;IKBKG;NUDT2;IRF1;DAXX;DHCR24;PMAIP1;IER3;BAK1;CXCR4
modification-dependent protein catabolic process (GO:0019941),-0.3140534006233475,-0.9543665571724419,0.5835929387331257,1.0,142,20,UBA52;UBE2D3;UBE2L3;PSMD14;UBE2K;UBE2G2;FBXO21;UBA6;UBE2G1;UBE2R2;UBE2D1;RCHY1;RNF11;TOPORS;RNF144B;UBL4A;UBE2A;NEDD4L;RNF8;RLIM,RNF144B;UBL4A;UBE2A;NEDD4L;RNF8;RLIM
"negative regulation of transcription, DNA-templated (GO:0045892)",-0.2707168278914581,-0.9463203693551457,0.605,1.0,814,80,YWHAQ;UBA52;CNBP;XRCC5;UBE2D3;SUMO1;MAF1;SUPT4H1;ZNF706;H2AFY;MTDH;HDAC2;HDAC1;FLNA;STAT1;RSF1;CDC73;FHL2;GAS6;CCND1;NRG1;GMNN;LYAR;HSF1;IFI16;SMAD2;UBE2D1;LIMS1;ATN1;RPL10;TRIM27;HDAC8;JARID2;DR1;MXD4;SHC1;ZHX1;TLE1;DMAP1;CITED2;PSMD10;PPARD;HMGA1;HCFC2;CIR1;VEGFA;IRF1;NR2F2;RING1;DAXX;PHF6;NFIA;RREB1;MECP2;WWP1;RNF2;MBD1;JUND;IGBP1;MTERF3;TRIM33;NKAP;RBPJ;NONO;TCEAL1;ATP8B1;NKRF;NRIP1;NOG;KCTD1;MBD2;TAF9B;NEDD4L;MTF2;SMARCA2;WFS1;SNAI2;RLIM;RELB;MOSPD1,HDAC8;JARID2;DR1;MXD4;SHC1;ZHX1;TLE1;DMAP1;CITED2;PSMD10;PPARD;HMGA1;HCFC2;CIR1;VEGFA;IRF1;NR2F2;RING1;DAXX;PHF6;NFIA;RREB1;MECP2;WWP1;RNF2;MBD1;JUND;IGBP1;MTERF3;TRIM33;NKAP;RBPJ;NONO;TCEAL1;ATP8B1;NKRF;NRIP1;NOG;KCTD1;MBD2;TAF9B;NEDD4L;MTF2;SMARCA2;WFS1;SNAI2;RLIM;RELB;MOSPD1
regulation of I-kappaB kinase/NF-kappaB signaling (GO:0043122),-0.2929960622927524,-0.927982440670997,0.6072874493927125,1.0,205,28,FKBP1A;UBA52;MTDH;FLNA;MIER1;STAT1;UBE2N;ANKRD17;OPTN;SHARPIN;TANK;RIOK3;NEK6;TLE1;SLC20A1;TSPAN6;IKBKG;F2RL1;LITAF;SLC35B2;RHOC;CARD19;F2R;BST2;TRAF5;SLC44A2;S100A4;CD74,F2RL1;LITAF;SLC35B2;RHOC;CARD19;F2R;BST2;TRAF5;SLC44A2;S100A4;CD74
mitotic cell cycle phase transition (GO:0044772),-0.3050861898646191,-0.934813475030101,0.6103626943005181,1.0,222,20,SKP1;UBA52;TUBB;NASP;DYNC1I2;PPP1R12A;ORC6;POLE3;DCTN3;OPTN;CCND1;MELK;CCNE2;ORC4;PHLDA1;MBD1;USP37;NEK11;HAUS6;INHBA,PHLDA1;MBD1;USP37;NEK11;HAUS6;INHBA
organelle assembly (GO:0070925),-0.29300624844557344,-0.9200055536374785,0.6204081632653061,1.0,377,25,NPM1;ACTR3;ACTR2;RAB11A;NSFL1C;FLNA;ATP6V0D1;SEPT11;DYNLL2;CHMP1B;CHMP5;RILPL2;ABLIM1;BBS7;NEK6;PIK3C3;ATG4C;ASAP1;MBD1;MTERF3;IST1;ATG4D;FNBP1L;HAUS6;ATG4A,ATG4C;ASAP1;MBD1;MTERF3;IST1;ATG4D;FNBP1L;HAUS6;ATG4A
endosomal transport (GO:0016197),-0.31579951702066794,-0.9506491113800013,0.6334405144694534,1.0,230,15,UBA52;VPS29;ARL1;RAB14;RAB29;CHMP5;TRIM27;PIK3C3;EVI5;RAB9A;STX6;VAMP7;UBAP1;ARL4C;RAB9B,EVI5;RAB9A;STX6;VAMP7;UBAP1;ARL4C;RAB9B
negative regulation of gene expression (GO:0010629),-0.27099645513892245,-0.919493986737649,0.634,1.0,619,54,YWHAQ;XRCC5;SUMO1;H3F3A;ZNF706;H2AFY;HDAC2;HDAC1;RSF1;GAS6;PHF19;NRG1;GMNN;TIPARP;IFI16;SMAD2;DCP2;LIMS1;TRIM27;HSPA1B;JARID2;DAPK3;SHC1;ZHX1;TLE1;DMAP1;CITED2;PHF1;PPARD;HMGA1;CIR1;VEGFA;IRF1;NR2F2;RING1;DAXX;MECP2;WWP1;MBD1;DXO;MTERF3;TRIM33;TGFB2;NKAP;RBPJ;NONO;ATP8B1;NKRF;KCTD1;MBD2;MTF2;SMARCA2;RLIM;ENG,DAPK3;SHC1;ZHX1;TLE1;DMAP1;CITED2;PHF1;PPARD;HMGA1;CIR1;VEGFA;IRF1;NR2F2;RING1;DAXX;MECP2;WWP1;MBD1;DXO;MTERF3;TRIM33;TGFB2;NKAP;RBPJ;NONO;ATP8B1;NKRF;KCTD1;MBD2;MTF2;SMARCA2;RLIM;ENG
activation of protein kinase activity (GO:0032147),-0.2935178018877111,-0.9050744293526816,0.6353421859039836,1.0,234,22,UBA52;TXN;PEA15;MAP3K2;UBE2N;GAS6;NRG1;CLSPN;TANK;MAP2K3;GADD45A;SHC1;IKBKG;VEGFA;PAK1;RAP1A;MAPK14;F2R;TGFB2;DUSP6;NRK;CXCR4,RAP1A;MAPK14;F2R;TGFB2;DUSP6;NRK;CXCR4
ion transmembrane transport (GO:0034220),-0.29821173384512284,-0.8945112876884445,0.6451282051282051,1.0,220,20,UBA52;ATP6V0E1;ATP6V1E1;ATP2B1;ATP6V0D1;ATP6V1G1;ATP6V0B;MMGT1;ATP1A1;PDZD11;LRRC8D;ATP6V1C1;WWP1;ATP1B1;ATP10D;ATP8B1;NEDD4L;LRRC8B;ATP6AP1;BAK1,ATP6V1C1;WWP1;ATP1B1;ATP10D;ATP8B1;NEDD4L;LRRC8B;ATP6AP1;BAK1
transmembrane transport (GO:0055085),-0.2805753058095972,-0.906371485042929,0.6468812877263581,1.0,379,37,UBA52;PSMB1;ATP6V0E1;PSMD14;DERL1;PSME3;ATP6V1E1;ATP2B1;ATP6V0D1;ATP6V1G1;ATP6V0B;VCP;MFSD14A;ATP1A1;MAGT1;PSMB2;MRS2;PDZD11;PSMD10;ABCD3;LRRC8D;ABCF1;PEX19;ATP6V1C1;WWP1;ATP1B1;ATP10D;RNF5;PSMB9;ATP8B1;PSMB8;SLC44A2;NEDD4L;LRRC8B;ABCB7;ATP6AP1;TAP1,ATP1A1;MAGT1;PSMB2;MRS2;PDZD11;PSMD10;ABCD3;LRRC8D;ABCF1;PEX19;ATP6V1C1;WWP1;ATP1B1;ATP10D;RNF5;PSMB9;ATP8B1;PSMB8;SLC44A2;NEDD4L;LRRC8B;ABCB7;ATP6AP1;TAP1
cellular response to tumor necrosis factor (GO:0071356),-0.3015921749179064,-0.8781915299420767,0.6652763295099061,1.0,195,16,UBA52;TMSB4X;PSMB1;PSMD14;PSME3;NFE2L2;STAT1;CD58;TANK;LIMS1;PSMB2;PSMD10;ADAMTS12;PSMB9;PSMB8;CCL26,ADAMTS12;PSMB9;PSMB8;CCL26
protein deubiquitination (GO:0016579),-0.2762854041664314,-0.8669150715275143,0.6730769230769231,1.0,258,25,UBA52;PSMB1;PSMD14;TOMM20;RAD23B;PSME3;CDC20;ENY2;VCP;CLSPN;TANK;SMAD2;UBE2D1;PSMB2;USP1;PSMD10;IKBKG;BRCC3;PSMB9;INO80C;PSMB8;YOD1;USP37;SNX3;TAF9B,BRCC3;PSMB9;INO80C;PSMB8;YOD1;USP37;SNX3;TAF9B
cellular protein modification process (GO:0006464),-0.25646925966846446,-0.8982961648535234,0.684,1.0,1002,86,SKP1;ANXA1;UBA52;UBL5;PSMB1;UBE2D3;UBE2L3;PSMD14;RAB11A;JAK1;PRPF4B;PSME3;DUSP4;PTP4A2;IGFBP7;PPP1R12A;RCN1;CST3;DUSP11;PPP1CC;MAPK9;MAP3K2;UBE2N;FBXO21;METAP2;IGFBP4;GAS6;PTAR1;WSB2;UBE2F;CDC42BPA;SSH1;CDK9;PKN2;PIGK;GOLM1;MFGE8;PSMB2;COPS7B;EIF2AK4;PPP2R5A;NEK6;DAPK3;MELK;ST3GAL4;SSH2;CKAP4;PIK3C3;PSMD10;CTTNBP2NL;FBXW7;LOX;KLHL5;PAK1;RBBP5;DSP;UBE2L6;HERC5;PNPLA2;STK38;ATG4C;RFWD2;CHRDL1;MKNK2;LIPT1;SRPK1;TGFB2;ST3GAL6;UBL4A;DCAF8;DUSP6;PSMB9;PSMB8;STK19;CHML;ATG4D;NEK11;CYR61;CHM;WFS1;ATG4A;DYRK1A;SDC2;FBXL20;NUAK1;PTPRR,PKN2;PIGK;GOLM1;MFGE8;PSMB2;COPS7B;EIF2AK4;PPP2R5A;NEK6;DAPK3;MELK;ST3GAL4;SSH2;CKAP4;PIK3C3;PSMD10;CTTNBP2NL;FBXW7;LOX;KLHL5;PAK1;RBBP5;DSP;UBE2L6;HERC5;PNPLA2;STK38;ATG4C;RFWD2;CHRDL1;MKNK2;LIPT1;SRPK1;TGFB2;ST3GAL6;UBL4A;DCAF8;DUSP6;PSMB9;PSMB8;STK19;CHML;ATG4D;NEK11;CYR61;CHM;WFS1;ATG4A;DYRK1A;SDC2;FBXL20;NUAK1;PTPRR
protein phosphorylation (GO:0006468),-0.27288348112251126,-0.8562844897719377,0.700502512562814,1.0,471,30,JAK1;PRPF4B;ABI2;MAPK9;MAP3K2;GAS6;ABI1;CLSPN;CDC42BPA;SMAD2;CSNK2B;CDK9;MAPKAPK5;PKN2;EIF2AK4;NEK6;DAPK3;MELK;PIK3C3;PAK1;STK38;EFEMP1;MKNK2;MAPK14;SRPK1;TGFB2;STK19;NEK11;DYRK1A;NUAK1,ABI1;CLSPN;CDC42BPA;SMAD2;CSNK2B;CDK9;MAPKAPK5;PKN2;EIF2AK4;NEK6;DAPK3;MELK;PIK3C3;PAK1;STK38;EFEMP1;MKNK2;MAPK14;SRPK1;TGFB2;STK19;NEK11;DYRK1A;NUAK1
protein ubiquitination (GO:0016567),-0.26301259727209636,-0.8882967378353226,0.7047047047047047,1.0,507,57,SKP1;UBA52;PSMB1;UBE2D3;UBE2L3;PSMD14;UBE2K;UBE2T;DERL1;PSME3;UBE2J2;NFE2L2;RNF167;RNF10;UBE2G2;CDC73;UBE2N;FBXO21;RNF138;UBA6;RMND5A;RRAGA;KLHL18;UBE2G1;VCP;UBE2R2;TANK;UBE2D1;RCHY1;UBR2;PSMB2;MKRN1;MAEA;RNF11;PSMD10;FBXW7;KLHL5;RUSC1;HERC5;WWP1;TOPORS;RNF5;RNF144B;TRIM33;UBL4A;PSMB9;PSMB8;UBE2A;NEDD4L;LONRF3;RNF19B;RNF8;FBXL20;HIST1H2BJ;RLIM;KLHL4;HIST1H2BD,RNF144B;TRIM33;UBL4A;PSMB9;PSMB8;UBE2A;NEDD4L;LONRF3;RNF19B;RNF8;FBXL20;HIST1H2BJ;RLIM;KLHL4;HIST1H2BD
protein modification by small protein removal (GO:0070646),-0.27210064087183383,-0.8554379163075987,0.7163265306122449,1.0,262,25,UBA52;PSMB1;PSMD14;TOMM20;RAD23B;PSME3;CDC20;VCP;CLSPN;TANK;SMAD2;UBE2D1;PSMB2;COPS7B;USP1;PSMD10;IKBKG;BRCC3;PSMB9;INO80C;PSMB8;YOD1;USP37;SNX3;TAF9B,BRCC3;PSMB9;INO80C;PSMB8;YOD1;USP37;SNX3;TAF9B
glycerophospholipid biosynthetic process (GO:0046474),-0.284018470062055,-0.8293009927896909,0.7175732217573222,1.0,165,15,ARF1;RAB14;STARD7;RAB4A;AGPAT1;CSNK2B;PTDSS1;PLA2G12A;PIK3C3;PIP5K1A;INPP4B;PLEKHA3;SLC44A2;PCTP;GPAT2,PCTP;GPAT2
regulation of G2/M transition of mitotic cell cycle (GO:0010389),-0.2769387776982129,-0.831616618325847,0.7300103842159917,1.0,150,18,SKP1;UBA52;PSMB1;PSMD14;TUBB;RAB11A;PSME3;DYNC1I2;DCTN3;CCND1;PSMB2;PSMD10;MECP2;MBD1;FHL1;PSMB9;PSMB8;HAUS6,MECP2;MBD1;FHL1;PSMB9;PSMB8;HAUS6
ion transport (GO:0006811),-0.27186112441211374,-0.8279925073389556,0.7422360248447205,1.0,290,19,UBA52;ATP6V0E1;ATP6V1E1;ATP2B1;LASP1;ATP6V0D1;ATP6V1G1;ATP6V0B;ATP1A1;PDZD11;SLC20A1;ATP6V1C1;WWP1;ATP1B1;ATP10D;ATP8B1;NEDD4L;ATP6AP1;MCOLN1,ATP6V1C1;WWP1;ATP1B1;ATP10D;ATP8B1;NEDD4L;ATP6AP1;MCOLN1
positive regulation of hydrolase activity (GO:0051345),-0.27251306934690717,-0.8177036010027633,0.7492195629552549,1.0,173,19,S100A10;CAV2;TOR1AIP2;PFN2;DNAJB1;CHTOP;VCP;DNMBP;LIMS1;TPM1;EVI5;RAB3GAP1;F2RL1;ATP1B1;RHOC;RAP1A;F2R;TBC1D2;CCL26,EVI5;RAB3GAP1;F2RL1;ATP1B1;RHOC;RAP1A;F2R;TBC1D2;CCL26
phosphorylation (GO:0016310),-0.2632423231157585,-0.826097231423561,0.7520408163265306,1.0,387,26,JAK1;PRPF4B;UQCRH;UQCRB;MAPK9;MAP3K2;GAS6;CDC42BPA;CDK9;PKN2;EIF2AK4;NEK6;DAPK3;MELK;PIK3C3;NADK;PAK1;STK38;MKNK2;SRPK1;TGFB2;PGK1;STK19;NEK11;DYRK1A;NUAK1,EIF2AK4;NEK6;DAPK3;MELK;PIK3C3;NADK;PAK1;STK38;MKNK2;SRPK1;TGFB2;PGK1;STK19;NEK11;DYRK1A;NUAK1
post-translational protein modification (GO:0043687),-0.26029022488396153,-0.8215710836526665,0.7537688442211056,1.0,358,35,SKP1;PSMB1;PSMD14;RAB11A;PSME3;PTP4A2;IGFBP7;RCN1;CST3;FBXO21;IGFBP4;GAS6;WSB2;UBE2F;GOLM1;MFGE8;PSMB2;COPS7B;CKAP4;PSMD10;FBXW7;KLHL5;RBBP5;PNPLA2;RFWD2;CHRDL1;DCAF8;PSMB9;PSMB8;CHML;CYR61;CHM;WFS1;SDC2;FBXL20,GOLM1;MFGE8;PSMB2;COPS7B;CKAP4;PSMD10;FBXW7;KLHL5;RBBP5;PNPLA2;RFWD2;CHRDL1;DCAF8;PSMB9;PSMB8;CHML;CYR61;CHM;WFS1;SDC2;FBXL20
transmembrane receptor protein tyrosine kinase signaling pathway (GO:0007169),-0.24798192978874234,-0.8170802540212665,0.7585170340681363,1.0,397,43,ARPC3;HNRNPA1;UBA52;AP2S1;ARPC2;ACTR3;ACTR2;ATP6V0E1;JAK1;ATP6V1E1;POLR2F;RAB14;ATP6V0D1;ATP6V1G1;CAV2;CD3EAP;VEGFC;ARPC5;ATP6V0B;CDC42;CASP3;POLR2K;BDNF;NRG1;POLR2B;ABI1;EFNB2;ACTG1;SHC1;MPZL1;VEGFA;PAK1;ATP6V1C1;NCK2;MAPK14;POLR2A;PAG1;GTF2F1;ANKS1A;ATP6AP1;FGF5;SDC2;NCF2,POLR2A;PAG1;GTF2F1;ANKS1A;ATP6AP1;FGF5;SDC2;NCF2
transcription initiation from RNA polymerase II promoter (GO:0006367),-0.26846532732802336,-0.8136022800731008,0.7597061909758657,1.0,161,17,GTF2A2;POLR2F;GTF2B;E2F3;POLR2K;CCND1;POLR2B;MED20;CDK9;MED31;TAF5;PPARD;RBPJ;POLR2A;TAF11;TAF9B;GTF2F1,RBPJ;POLR2A;TAF11;TAF9B;GTF2F1
RNA splicing (GO:0008380),-0.2570186241962282,-0.7707837382177141,0.7758264462809917,1.0,107,19,MAGOH;SNRPF;SNRPD2;SNRPD1;DHX15;PRPF4B;SNRPA1;SF3A3;PRPF4;SMU1;USB1;NOL3;SNRNP40;BCAS2;KHSRP;SRPK1;MTERF3;NONO;RNF113A,BCAS2;KHSRP;SRPK1;MTERF3;NONO;RNF113A
cellular response to cytokine stimulus (GO:0071345),-0.25333168180292304,-0.7900200837747632,0.7806122448979592,1.0,457,27,ANXA1;UBA52;YWHAZ;UBE2K;JAK1;MCL1;NFE2L2;STAT1;UBE2G2;IFNGR2;GAS6;CASP3;CCND1;CD58;TANK;MT1X;CDK9;DAPK3;SHC1;VEGFA;IRF1;KHSRP;ADAMTS12;ST3GAL6;IL13RA1;CCL26;CXCR4,CCL26;CXCR4
regulation of primary metabolic process (GO:0080090),-0.26598341608986725,-0.8036156362700094,0.7815126050420168,1.0,140,17,PSMB1;CACYBP;PSMD14;H2AFY;PSME3;GLIPR1;FHL2;ADIPOR1;LACTB;PSMB2;PSMD10;PPARD;PLPP1;PLIN2;PSMB9;PSMB8;G0S2,PLIN2;PSMB9;PSMB8;G0S2
"DNA-templated transcription, initiation (GO:0006352)",-0.2513133965767384,-0.7801771121221377,0.782249742002064,1.0,187,22,GTF2A2;TWISTNB;POLR2F;RSF1;CD3EAP;GTF2B;E2F3;POLR2K;CCND1;ZNRD1;POLR2B;MED20;CDK9;MED31;TAF5;PPARD;RBPJ;POLR2A;TAF11;POLR1E;TAF9B;GTF2F1,RBPJ;POLR2A;TAF11;POLR1E;TAF9B;GTF2F1
viral life cycle (GO:0019058),-0.2555921182785236,-0.7672391773405107,0.805702217529039,1.0,108,16,UBA52;HSP90AB1;VAMP8;NUP37;GAS6;CHMP5;NUP153;VCP;DEK;NDC1;NFIA;WWP1;IST1;HTATSF1;UBAP1;NEDD4L,NFIA;WWP1;IST1;HTATSF1;UBAP1;NEDD4L
cellular response to DNA damage stimulus (GO:0006974),-0.23739072109572226,-0.7653147944383214,0.8113590263691683,1.0,330,28,NPM1;SUMO1;UBE2T;MCL1;RAD51AP1;UBA6;TIPRL;POLK;CCND1;VCP;ALKBH7;CLSPN;TANK;PITHD1;GADD45A;PHF1;IKBKG;UVRAG;APTX;MICA;RBBP5;TOPORS;UNG;MAPK14;XRCC3;UBE2A;RNF8;BAK1,RAD51AP1;UBA6;TIPRL;POLK;CCND1;VCP;ALKBH7;CLSPN;TANK;PITHD1;GADD45A;PHF1;IKBKG;UVRAG;APTX;MICA;RBBP5;TOPORS;UNG;MAPK14;XRCC3;UBE2A;RNF8;BAK1
"DNA-templated transcription, termination (GO:0006353)",-0.2453880112228895,-0.7509541506756566,0.8132780082987552,1.0,107,20,MAGOH;SNRPF;SNRPE;TWISTNB;POLR3K;POLR2F;LSM10;SRSF9;CD3EAP;FIP1L1;POLR2K;ZNRD1;CHTOP;WDR33;THOC2;CSTF2;POLR2A;SMN1;POLR1E;UPF3B,POLR2A;SMN1;POLR1E;UPF3B
positive regulation of MAP kinase activity (GO:0043406),-0.24955607600739194,-0.7603437477104298,0.8138297872340425,1.0,178,17,UBA52;PEA15;MAP3K2;UBE2N;NRG1;TANK;MAP2K3;GADD45A;SHC1;IKBKG;VEGFA;PAK1;RAP1A;MAPK14;F2R;DUSP6;CXCR4,IKBKG;VEGFA;PAK1;RAP1A;MAPK14;F2R;DUSP6;CXCR4
regulation of proteasomal ubiquitin-dependent protein catabolic process (GO:0032434),-0.25206124231726035,-0.7324365356921593,0.8306878306878307,1.0,89,15,HSP90AB1;SUMO1;RAD23B;RNF138;BAG5;VCP;RCHY1;HSPA1B;BBS7;PSMD10;RFWD2;RNF144B;GLMN;LONRF3;RNF19B,RFWD2;RNF144B;GLMN;LONRF3;RNF19B
negative regulation of apoptotic process (GO:0043066),-0.22554191289300743,-0.7510958442168603,0.8318318318318318,1.0,486,45,NPM1;ANXA1;UBA52;HNRNPK;YWHAZ;PRDX2;KRT18;BNIP3L;DNAJB6;MCL1;MTDH;HDAC2;HDAC1;FLNA;DNAJA1;FHL2;GAS6;TRIAP1;CASP3;ARHGAP10;BDNF;ATAD3A;RPL10;HSPA1B;NOL3;MAEA;SHC1;TLE1;CITED2;PSMD10;VEGFA;FXN;LAMTOR5;DHCR24;TOPORS;BAG1;IGBP1;RNF144B;F2R;GLO1;TAF9B;WFS1;SNAI2;HMGN5;CD74,NOL3;MAEA;SHC1;TLE1;CITED2;PSMD10;VEGFA;FXN;LAMTOR5;DHCR24;TOPORS;BAG1;IGBP1;RNF144B;F2R;GLO1;TAF9B;WFS1;SNAI2;HMGN5;CD74
positive regulation of cellular process (GO:0048522),-0.22686239777633938,-0.7537302845942034,0.8363453815261044,1.0,520,46,NPM1;EIF5A;CNBP;HSP90AB1;NAP1L1;RPS19;H3F3A;HDAC2;HDAC1;LMNA;FLNA;CIAO1;RNF10;VEGFC;SLC25A33;ANKRD17;RRAGA;CDC42;CCND1;NRG1;CHTOP;HSF1;AGPAT1;RPS4X;MCTS1;EFNB2;SHC1;CITED2;MSN;PSMD10;EXOSC4;VEGFA;PAK1;FXN;MECP2;SLC25A5;JUND;F2R;TGFB2;SRF;LAMC2;TAF9B;UBE2A;FGF5;SOX4;HMGN5,SRF;LAMC2;TAF9B;UBE2A;FGF5;SOX4;HMGN5
negative regulation of programmed cell death (GO:0043069),-0.2316615204667748,-0.7461332368496619,0.8375125376128385,1.0,409,39,NPM1;ANXA1;UBA52;HNRNPK;YWHAZ;PRDX2;KRT18;BNIP3L;MCL1;MTDH;HDAC2;HDAC1;FLNA;DNAJA1;FHL2;GAS6;TRIAP1;CASP3;ARHGAP10;ATAD3A;RPL10;HSPA1B;NOL3;MAEA;SHC1;CITED2;PSMD10;VEGFA;FXN;LAMTOR5;DHCR24;TOPORS;BAG1;RNF144B;GLO1;TAF9B;WFS1;HMGN5;CD74,HMGN5;CD74
vesicle-mediated transport (GO:0016192),-0.232219095240142,-0.7343844092279714,0.8434959349593496,1.0,411,28,VPS29;S100A10;ARL1;RAB11A;VAMP8;RAB14;SFT2D1;CAV2;SNAP23;RAB29;CDC42;CHMP5;TRIM27;SMAP2;PIK3C3;VAMP4;SNX7;UVRAG;EVI5;RAB9A;SNAP47;STX6;ASAP1;VAMP7;ARL4C;FNBP1L;RAB27B;RAB9B,PIK3C3;VAMP4;SNX7;UVRAG;EVI5;RAB9A;SNAP47;STX6;ASAP1;VAMP7;ARL4C;FNBP1L;RAB27B;RAB9B
negative regulation of intracellular signal transduction (GO:1902532),-0.2529454574738681,-0.7362860178615424,0.851380042462845,1.0,162,15,TMSB4X;MCL1;STAT1;ADIPOR1;TANK;MAPKAPK5;UBR2;RIOK3;TLE1;PSMD10;TSPAN6;THEM4;SLIT2;CARD19;PHLDA3,TANK;MAPKAPK5;UBR2;RIOK3;TLE1;PSMD10;TSPAN6;THEM4;SLIT2;CARD19;PHLDA3
regulation of macroautophagy (GO:0016241),-0.22185049480081376,-0.6788832007676174,0.8723628691983122,1.0,117,17,RHEB;GNAI3;ATP6V0E1;BNIP3L;ATP6V1E1;ATP6V0D1;ATP6V1G1;ATP6V0B;RRAGA;CASP3;IKBKG;LAMTOR5;ATP6V1C1;UBQLN2;SH3GLB1;TBC1D12;RRAGB,IKBKG;LAMTOR5;ATP6V1C1;UBQLN2;SH3GLB1;TBC1D12;RRAGB
DNA repair (GO:0006281),-0.2152626734274652,-0.6810000917763552,0.8776758409785933,1.0,289,26,NPM1;UBA52;NUCKS1;XRCC5;SUMO1;RAD23B;UBE2T;RAD21;UBE2N;RAD51AP1;POLK;VCP;WDR33;GADD45A;TDG;USP1;HMGA1;UVRAG;APTX;FANCE;UNG;BRCC3;XRCC3;APEX2;UBE2A;RNF8,TDG;USP1;HMGA1;UVRAG;APTX;FANCE;UNG;BRCC3;XRCC3;APEX2;UBE2A;RNF8
regulation of translation (GO:0006417),-0.21634722267688844,-0.6751131155889062,0.878323108384458,1.0,214,25,NPM1;EIF4A2;EIF3H;EIF4H;H3F3A;POLR2F;EIF3E;RPS27L;ELAVL1;NUP37;RPL5;POLR2K;NUP153;POLR2B;NDC1;RPS4X;RPL10;MAPKAPK5;EIF2AK4;DAPK3;EIF5B;PUM3;POLR2A;UPF3B;SOX4,UPF3B;SOX4
protein polyubiquitination (GO:0000209),-0.21551130346650754,-0.7165647874529993,0.8807615230460922,1.0,284,44,SKP1;UBA52;PSMB1;CDC26;UBE2D3;UBE2L3;PSMD14;UBE2K;UBE2T;PSME3;UBE2J2;RNF167;UBE2G2;UBE2N;FBXO21;RNF138;SHARPIN;UBE2G1;UBE2R2;ANAPC5;TANK;CDC16;UBE2D1;TRIM27;UBR2;PSMB2;MKRN1;PSMD10;FBXW7;RUSC1;HERC5;WWP1;TOPORS;RNF5;RNF144B;PSMB9;PSMB8;UBE2A;NEDD4L;LONRF3;RNF19B;RNF8;FBXL20;RLIM,HERC5;WWP1;TOPORS;RNF5;RNF144B;PSMB9;PSMB8;UBE2A;NEDD4L;LONRF3;RNF19B;RNF8;FBXL20;RLIM
regulation of protein ubiquitination (GO:0031396),-0.2310368428541161,-0.6818324702481114,0.8810020876826722,1.0,102,18,FKBP1A;HSP90AB1;UBE2L3;DERL1;UBE2N;DNAJA1;BAG5;UBE2D1;RCHY1;HSPA1B;HDAC8;PSMD10;SVBP;FBXW7;NXN;DAXX;WFS1;SOX4,WFS1;SOX4
cellular protein complex assembly (GO:0043623),-0.2166322619500743,-0.6604953025671928,0.890495867768595,1.0,145,20,SKP1;FKBP1A;AP2S1;HSP90AB1;TOMM20;EIF4H;SEPT11;NRG1;NUP153;NDC1;SMAD2;TMEM33;VAMP4;CLTA;UVRAG;PFDN6;NCK2;VBP1;TBCC;FCHO1,TMEM33;VAMP4;CLTA;UVRAG;PFDN6;NCK2;VBP1;TBCC;FCHO1
ubiquitin-dependent protein catabolic process (GO:0006511),-0.21420342084122282,-0.7064664628478459,0.8917835671342685,1.0,342,42,SKP1;UBA52;PSMB1;CDC26;UBE2D3;UBE2L3;PSMD14;UBE2K;NSFL1C;PSME3;NFE2L2;UBE2G2;CDC20;FBXO21;UBA6;RMND5A;SHARPIN;KLHL18;UBE2G1;VCP;UBE2R2;ANAPC5;CDC16;UBE2D1;RCHY1;PSMB2;MAEA;RNF11;PSMD10;WWP1;TOPORS;RNF5;RFWD2;RNF144B;PSMB9;PSMB8;UBAP1;UBE2A;NEDD4L;RNF19B;RNF8;RLIM,WWP1;TOPORS;RNF5;RFWD2;RNF144B;PSMB9;PSMB8;UBAP1;UBE2A;NEDD4L;RNF19B;RNF8;RLIM
RNA metabolic process (GO:0016070),-0.2219120388669905,-0.6680778796833083,0.9019189765458422,1.0,192,16,HNRNPA1;HNRNPK;EIF4A2;DHX15;PABPC4;POLR2F;DUSP11;MRPL44;PRPF4;POLR2K;POLR2B;DKC1;SNRNP40;HNRNPH2;POLR2A;GTF2F1,HNRNPH2;POLR2A;GTF2F1
mitochondrial transport (GO:0006839),-0.20737117369833533,-0.6370959947924502,0.9033915724563206,1.0,136,23,SLC25A3;ATP5O;TOMM20;TIMM13;CYC1;TOMM40;COX5B;ATP5G3;SLC25A33;GRPEL1;SLC25A13;TIMM10B;SLC25A32;MRS2;TIMM17A;STOML2;SLC25A23;ATP5F1;TOMM5;SLC25A5;PMAIP1;SLC25A43;BAK1,SLC25A13;TIMM10B;SLC25A32;MRS2;TIMM17A;STOML2;SLC25A23;ATP5F1;TOMM5;SLC25A5;PMAIP1;SLC25A43;BAK1
regulation of mitotic cell cycle (GO:0007346),-0.21872601688411317,-0.6335739845908496,0.9055613850996852,1.0,166,15,BTG1;CAV2;MAP3K2;MAP9;HSF1;DYNLT3;CDC16;MAP2K3;PKN2;NEK6;DAPK3;MAEA;PAK1;NEK11;NRK,BTG1;CAV2;MAP3K2;MAP9;HSF1;DYNLT3;CDC16;MAP2K3;PKN2;NEK6;DAPK3;MAEA;PAK1;NEK11;NRK
"transcription, DNA-templated (GO:0006351)",-0.20711138721668057,-0.6648489203085476,0.9086345381526104,1.0,357,38,GTF2A2;ILF2;SUPT4H1;PWP1;PTTG1;YBX1;PTMA;POLR3K;POLR2F;NFE2L2;RSF1;MLF1;CDC73;GTF2B;SLC25A33;POLR2K;POLR2B;HSF1;DEK;MED20;CDK9;NELFA;TAF5;IRF1;SNAPC2;LMO4;RREB1;TOPORS;MBD1;MTERF3;SMARCA1;POLR2A;SMN1;TAF11;SRF;TAF9B;GTF2F1;MLLT3,IRF1;SNAPC2;LMO4;RREB1;TOPORS;MBD1;MTERF3;SMARCA1;POLR2A;SMN1;TAF11;SRF;TAF9B;GTF2F1;MLLT3
double-strand break repair (GO:0006302),-0.21998463209832067,-0.6633058418327622,0.9122994652406418,1.0,142,16,NUCKS1;XRCC5;SUMO1;PSMD14;RAD21;UBE2N;RAD51AP1;RNF138;POLK;VCP;TONSL;APTX;BRCC3;MDC1;XRCC3;RNF8,BRCC3;MDC1;XRCC3;RNF8
cellular response to hypoxia (GO:0071456),-0.20901785006701307,-0.6289206819604861,0.9176346356916578,1.0,133,16,UBA52;PSMB1;UBE2D3;PSMD14;BNIP3L;PSME3;LMNA;UBE2D1;PSMB2;ACAA2;PSMD10;VEGFA;PMAIP1;PSMB9;PSMB8;PGK1,UBE2D1;PSMB2;ACAA2;PSMD10;VEGFA;PMAIP1;PSMB9;PSMB8;PGK1
protein modification by small protein conjugation (GO:0032446),-0.20097291614857782,-0.6601261422487186,0.9193548387096774,1.0,399,42,SKP1;UBA52;UBE2D3;UBE2L3;SUMO1;UBE2K;UBE2T;DERL1;UBE2J2;UFC1;NUP37;NFE2L2;UBE2G2;CDC73;UBE2N;RNF138;UBA6;RRAGA;KLHL18;NUP153;UBE2G1;VCP;UBE2R2;NDC1;UBE2F;UBE2D1;RCHY1;UBR2;RNF11;FBXW7;KLHL5;HERC5;WWP1;TOPORS;TRIM33;UBL4A;UBE2A;NEDD4L;HIST1H2BJ;RLIM;KLHL4;HIST1H2BD,UBE2A;NEDD4L;HIST1H2BJ;RLIM;KLHL4;HIST1H2BD
proteasomal protein catabolic process (GO:0010498),-0.19746321787773644,-0.6224152953848405,0.9275653923541247,1.0,238,33,SKP1;UBA52;PSMB1;CDC26;UBE2D3;PSMD14;UBE2K;NSFL1C;DERL1;PSME3;NFE2L2;CDC20;RMND5A;SHARPIN;VCP;UBE2R2;ANAPC5;CDC16;UBE2D1;PSMB2;MAEA;RNF11;PSMD10;WWP1;TOPORS;PMAIP1;RNF5;RFWD2;PSMB9;PSMB8;UBE2A;NEDD4L;RLIM,WWP1;TOPORS;PMAIP1;RNF5;RFWD2;PSMB9;PSMB8;UBE2A;NEDD4L;RLIM
proteasome-mediated ubiquitin-dependent protein catabolic process (GO:0043161),-0.1814833466569376,-0.5984141892441867,0.9387550200803213,1.0,292,43,SKP1;UBA52;PSMB1;CDC26;UBE2D3;PSMD14;UBE2K;PTTG1;NSFL1C;DERL1;PSME3;UBE2J2;UBXN4;NFE2L2;UBE2G2;UBE2J1;SEC61B;CDC20;RMND5A;SHARPIN;VCP;UBE2R2;ANAPC5;CDC16;UBE2D1;UBR2;PSMB2;MAEA;RNF11;PSMD10;FBXW7;WWP1;TOPORS;RFWD2;UBQLN2;PSMB9;PSMB8;YOD1;UBE2A;NEDD4L;WFS1;FBXL20;RLIM,WWP1;TOPORS;RFWD2;UBQLN2;PSMB9;PSMB8;YOD1;UBE2A;NEDD4L;WFS1;FBXL20;RLIM
regulation of cellular response to stress (GO:0080135),-0.20184886955250847,-0.6131435780187043,0.9409905163329821,1.0,105,17,NPM1;RSL1D1;HSP90AB1;DNAJB6;MCL1;NUP37;DNAJB1;NUP153;BAG5;HSF1;NDC1;HSPA1B;EIF2AK4;NEK6;BAG1;IER3;NUAK1,NUAK1
neutrophil degranulation (GO:0043312),-0.1863164259468125,-0.6310331364518955,0.9458917835671342,1.0,480,53,CCT8;PGAM1;ILF2;PSMB1;NDUFC2;HSP90AB1;XRCC5;ACTR2;CAP1;PSMD14;TUBB;PKM;VAMP8;RAB14;PRDX6;PRCP;CST3;GLIPR1;DEGS1;HMOX2;ARPC5;SNAP23;ADGRE5;S100A11;TIMP2;VCP;SVIP;CD58;LTA4H;CSNK2B;GGH;B4GALT1;MAGT1;HSPA1B;CKAP4;PLAU;DSP;YPEL5;PLAC8;STXBP2;GLA;RAP1A;CD55;MAPK14;VAMP7;IST1;BST2;SLC44A2;PGRMC1;LAMP2;RAP2C;NEU1;RAB9B,YPEL5;PLAC8;STXBP2;GLA;RAP1A;CD55;MAPK14;VAMP7;IST1;BST2;SLC44A2;PGRMC1;LAMP2;RAP2C;NEU1;RAB9B
neutrophil mediated immunity (GO:0002446),-0.1863164259468125,-0.6296782004964269,0.949,1.0,488,53,CCT8;PGAM1;ILF2;PSMB1;NDUFC2;HSP90AB1;XRCC5;ACTR2;CAP1;PSMD14;TUBB;PKM;VAMP8;RAB14;PRDX6;PRCP;CST3;GLIPR1;DEGS1;HMOX2;ARPC5;SNAP23;ADGRE5;S100A11;TIMP2;VCP;SVIP;CD58;LTA4H;CSNK2B;GGH;B4GALT1;MAGT1;HSPA1B;CKAP4;PLAU;DSP;YPEL5;PLAC8;STXBP2;GLA;RAP1A;CD55;MAPK14;VAMP7;IST1;BST2;SLC44A2;PGRMC1;LAMP2;RAP2C;NEU1;RAB9B,YPEL5;PLAC8;STXBP2;GLA;RAP1A;CD55;MAPK14;VAMP7;IST1;BST2;SLC44A2;PGRMC1;LAMP2;RAP2C;NEU1;RAB9B
RNA export from nucleus (GO:0006405),-0.20114186405647638,-0.5809255892037767,0.9519832985386222,1.0,120,16,NPM1;HNRNPA1;EIF5A;MAGOH;SRSF9;NUP37;FIP1L1;NUP153;CHTOP;NDC1;WDR33;THOC2;SSB;SMG7;RBMX2;UPF3B,RBMX2;UPF3B
regulation of mitotic cell cycle phase transition (GO:1901990),-0.18714188031313916,-0.5717191358551891,0.9597107438016529,1.0,185,22,SKP1;UBA52;PSMB1;CDC26;PSMD14;TUBB;PSME3;DYNC1I2;CDC20;DCTN3;TMEM14B;ANAPC5;CDC16;UBE2D1;PSMB2;NEK6;PSMD10;MBD1;PSMB9;PSMB8;NEK11;HAUS6,PSMB9;PSMB8;NEK11;HAUS6
neutrophil activation involved in immune response (GO:0002283),-0.1863164259468125,-0.6207977309154386,0.9599198396793587,1.0,484,53,CCT8;PGAM1;ILF2;PSMB1;NDUFC2;HSP90AB1;XRCC5;ACTR2;CAP1;PSMD14;TUBB;PKM;VAMP8;RAB14;PRDX6;PRCP;CST3;GLIPR1;DEGS1;HMOX2;ARPC5;SNAP23;ADGRE5;S100A11;TIMP2;VCP;SVIP;CD58;LTA4H;CSNK2B;GGH;B4GALT1;MAGT1;HSPA1B;CKAP4;PLAU;DSP;YPEL5;PLAC8;STXBP2;GLA;RAP1A;CD55;MAPK14;VAMP7;IST1;BST2;SLC44A2;PGRMC1;LAMP2;RAP2C;NEU1;RAB9B,YPEL5;PLAC8;STXBP2;GLA;RAP1A;CD55;MAPK14;VAMP7;IST1;BST2;SLC44A2;PGRMC1;LAMP2;RAP2C;NEU1;RAB9B
DNA metabolic process (GO:0006259),-0.16749265232623564,-0.5298499910404919,0.9667338709677419,1.0,315,32,NPM1;UBA52;NAP1L1;XRCC5;SUMO1;UBE2T;NASP;GLRX2;RAD21;HDAC1;ORC6;POLE3;UBE2N;RAD51AP1;POLK;IGFBP4;VCP;CLSPN;RFC1;GADD45A;HMGB3;TDG;ORC4;UVRAG;MBD1;UNG;REV1;RBPJ;XRCC3;ATRX;MBD2;UBE2A,MBD1;UNG;REV1;RBPJ;XRCC3;ATRX;MBD2;UBE2A
"mRNA splicing, via spliceosome (GO:0000398)",-0.16970070328648368,-0.567678237801588,0.96996996996997,1.0,262,57,SF3B6;HNRNPA1;UBL5;HNRNPK;DNAJC8;SRRM2;PUF60;PLRG1;MAGOH;SNRPF;SNRPE;SNRPD2;SNRPD1;DHX15;CWC15;PRPF4B;SNRPA1;YBX1;SF3A3;POLR2F;ELAVL1;PPIH;SRSF9;CLNS1A;PRPF38A;CDC5L;PRPF4;PRPF40A;PABPC1;CWC22;FIP1L1;RBM15B;POLR2K;POLR2B;LSM2;PQBP1;WDR33;GEMIN7;CSTF2;PPIL1;SNRNP40;SART3;RBM15;WDR77;SNRPC;BCAS2;SRPK1;NONO;HNRNPH2;HTATSF1;POLR2A;SMN1;RNF113A;GTF2F1;RBMX2;RBM41;UPF3B,PPIL1;SNRNP40;SART3;RBM15;WDR77;SNRPC;BCAS2;SRPK1;NONO;HNRNPH2;HTATSF1;POLR2A;SMN1;RNF113A;GTF2F1;RBMX2;RBM41;UPF3B
protein oligomerization (GO:0051259),-0.16314764414881433,-0.47386671490436344,0.9739583333333334,1.0,218,16,NPM1;RPS19;DERL1;SEPT11;KHDRBS3;GRHPR;POLK;HSF1;B4GALT1;TRIM27;ZNHIT6;NOL3;STOML2;UXS1;SH3GLB1;GBP1,GBP1
"regulation of gene expression, epigenetic (GO:0040029)",-0.15712525736895097,-0.47076561004912865,0.9813471502590674,1.0,75,17,TWISTNB;H3F3A;H2AFY;POLR2F;CD3EAP;POLR2K;ZNRD1;PHF19;DEK;IFI16;TRIM27;JARID2;TDG;PHF1;GLMN;POLR1E;MTF2,POLR2K;ZNRD1;PHF19;DEK;IFI16;TRIM27;JARID2;TDG;PHF1;GLMN;POLR1E;MTF2
transcription from RNA polymerase II promoter (GO:0006366),-0.1517353285923666,-0.4967854019403256,0.9869739478957916,1.0,486,43,GTF2A2;MAGOH;SNRPF;SNRPE;SUPT4H1;PTTG1;YBX1;POLR2F;LSM10;SRSF9;NFE2L2;CDC73;GTF2B;E2F3;FIP1L1;POLR2K;CCND1;POLR2B;CHTOP;DEK;MED20;WDR33;CDK9;MED31;THOC2;NELFA;TAF5;CSTF2;PPARD;IRF1;SNAPC2;LMO4;RPAP2;RREB1;MBD1;RBPJ;POLR2A;TAF11;SRF;TAF9B;GTF2F1;UPF3B;MLLT3,POLR2A;TAF11;SRF;TAF9B;GTF2F1;UPF3B;MLLT3
"RNA splicing, via transesterification reactions with bulged adenosine as nucleophile (GO:0000377)",-0.12205727948060557,-0.4070962010938973,0.998998998998999,1.0,237,52,SF3B6;HNRNPA1;UBL5;HNRNPK;DNAJC8;SRRM2;PUF60;PLRG1;MAGOH;SNRPF;SNRPE;SNRPD2;SNRPD1;DHX15;CWC15;PRPF4B;SNRPA1;YBX1;SF3A3;POLR2F;ELAVL1;PPIH;SRSF9;PRPF38A;CDC5L;PRPF4;PRPF40A;PABPC1;CWC22;FIP1L1;RBM15B;POLR2K;POLR2B;LSM2;PQBP1;WDR33;GEMIN7;CSTF2;PPIL1;SNRNP40;SART3;RBM15;SNRPC;BCAS2;NONO;HNRNPH2;HTATSF1;POLR2A;GTF2F1;RBMX2;RBM41;UPF3B,NONO;HNRNPH2;HTATSF1;POLR2A;GTF2F1;RBMX2;RBM41;UPF3B
