Term,es,nes,pval,fdr,geneset_size,matched_size,genes,ledge_genes
Ribosome biogenesis in eukaryotes,0.505740733152331,2.5738533412418265,0.0,0.020076764098021848,101,46,UTP14A;DKC1;RIOK1;RPP40;WDR43;NAT10;LSG1;WDR3;BMS1;NOP56;TCOF1;RBM28;GTPBP4;NOP58;IMP4;GAR1;UTP6;RPP25;WDR75;SBDS;POP5;XPO1;UTP18;NOB1;NHP2;RPP30;RAN;GNL2;CSNK2A1;RRP7A;MPHOSPH10;GNL3;POP7;POP4;REXO2;IMP3;NXT1;AK6;EMG1;NOP10;EIF6;SNU13;XRN2;RPP38;CSNK2B;FCF1,UTP14A;DKC1;RIOK1;RPP40;WDR43;NAT10;LSG1;WDR3;BMS1;NOP56;TCOF1;RBM28;GTPBP4;NOP58;IMP4;GAR1;UTP6;RPP25;WDR75;SBDS;POP5;XPO1;UTP18;NOB1;NHP2;RPP30;RAN;GNL2;CSNK2A1;RRP7A;MPHOSPH10;GNL3;POP7
Legionellosis,0.47688355288392426,2.315150708421406,0.0,0.07026867434307646,55,18,BNIP3;HSPA8;IL1B;HSPD1;CYCS;HSPA1B;HSPA1A;CASP8;RELA;SAR1B;VCP;ARF1;NFKB1;SAR1A;RAB1B;RAB1A;IL18;EEF1A1,BNIP3;HSPA8;IL1B;HSPD1;CYCS
Toxoplasmosis,0.49918036784874587,2.2377432591632536,0.012987012987012988,0.08699931109142801,113,21,IRAK1;PPIF;HSPA8;LAMC2;CYCS;IKBKG;MAPK12;HSPA1B;XIAP;ITGA6;HSPA1A;MAP2K3;CASP8;RELA;LAMA3;ITGB1;NFKB1;BCL2L1;MAPK13;GNAI2;BAD,IRAK1;PPIF;HSPA8;LAMC2;CYCS;IKBKG;MAPK12;HSPA1B;XIAP;ITGA6;HSPA1A;MAP2K3
Antigen processing and presentation,0.5138977516497443,2.0609150135416763,0.012658227848101266,0.23891349276645998,77,16,HLA-G;HSPA8;CD74;HSPA1B;PSME2;HSP90AA1;PSME3;HSP90AB1;HSPA1A;HSPA4;HSPA5;CTSL;CANX;CTSB;NFYB;CALR,HLA-G;HSPA8;CD74;HSPA1B;PSME2;HSP90AA1;PSME3;HSP90AB1;HSPA1A;HSPA4;HSPA5;CTSL;CANX
Arginine and proline metabolism,0.5587448963078686,2.064572111787258,0.011904761904761904,0.2860938883968114,49,16,ODC1;CKMT1B;SRM;CKB;LAP3;SMS;L3HYPDH;PYCR1;GOT1;AMD1;PYCR2;GOT2;OAT;P4HA1;GAMT;SAT1,ODC1;CKMT1B;SRM;CKB;LAP3;SMS;L3HYPDH;PYCR1
Proteasome,0.4286961505188723,1.9510995823684887,0.0,0.380024463283985,45,35,PSMD14;PSMA1;PSMD3;PSMC2;PSMD11;PSMD1;PSMC5;PSME2;PSME3;PSMA5;ADRM1;PSMD2;PSMC4;POMP;PSMB3;PSMB7;PSMB4;PSMD12;PSMC3;PSMA3;PSMC6;PSMC1;PSMD13;PSMA2;PSMA4;PSMB2;PSMB6;PSMD7;PSMD6;PSMD4;PSMA7;PSMB1;PSMF1;PSMB5;PSMD8,PSMD14;PSMA1;PSMD3;PSMC2;PSMD11;PSMD1;PSMC5;PSME2;PSME3;PSMA5;ADRM1;PSMD2;PSMC4;POMP;PSMB3;PSMB7;PSMB4;PSMD12;PSMC3;PSMA3;PSMC6;PSMC1;PSMD13;PSMA2;PSMA4;PSMB2;PSMB6;PSMD7;PSMD6;PSMD4;PSMA7
Epstein-Barr virus infection,0.3999938085316146,1.9610690156497388,0.0,0.4165928550339533,201,45,HLA-G;IRAK1;E2F3;CYCS;PSMD14;CD44;IKBKG;PSMD3;PSMC2;MAPK12;PSMD11;PSMD1;PSMC5;ADRM1;ISG15;MAP2K3;PSMD2;PSMC4;CASP8;PSMD12;PSMC3;CCNA2;BID;MYC;RELA;CDK4;PSMC6;PSMC1;PSMD13;NFKB1;CCND1;RBPJ;PSMD7;BAX;PSMD6;PSMD4;IRF3;EIF2AK2;FADD;MAPK13;GADD45A;HDAC1;CALR;TRADD;PSMD8,HLA-G;IRAK1;E2F3;CYCS;PSMD14;CD44;IKBKG;PSMD3;PSMC2;MAPK12;PSMD11;PSMD1;PSMC5;ADRM1;ISG15;MAP2K3;PSMD2;PSMC4;CASP8;PSMD12;PSMC3;CCNA2;BID;MYC;RELA;CDK4;PSMC6;PSMC1;PSMD13;NFKB1;CCND1;RBPJ;PSMD7;BAX;PSMD6;PSMD4
Alcoholism,-0.21528928804606615,-5.306262177287682,0.6875,0.6707756438886407,180,24,GNG12;HRAS;H2AFZ;HAT1;H2AFY;PPP1CC;GNB1;ADORA2B;KRAS;CALM1;CALM3;PPP1CA;ATF4;H2AFX;GRB2;GNAI2;HDAC1;GNB2;CALM2;PPP1CB;H3F3B;H2AFJ;HIST1H4C;GNAS,H2AFZ;HAT1;H2AFY;PPP1CC;GNB1;ADORA2B;KRAS;CALM1;CALM3;PPP1CA;ATF4;H2AFX;GRB2;GNAI2;HDAC1;GNB2;CALM2;PPP1CB;H3F3B;H2AFJ;HIST1H4C;GNAS
AMPK signaling pathway,-0.2941176470588226,-5.389451920741616,0.125,0.7032476233012187,120,19,PFKP;RAB14;RPS6KB2;CCNA2;RAB8A;FASN;IRS1;PPP2CB;G6PC3;PPP2CA;CCND1;PPP2R2D;RHEB;ADIPOR1;EEF2;EIF4EBP1;PPP2R1A;AKT1S1;RAB10,PFKP;RAB14;RPS6KB2;CCNA2;RAB8A;FASN;IRS1;PPP2CB;G6PC3;PPP2CA;CCND1;PPP2R2D;RHEB;ADIPOR1;EEF2;EIF4EBP1;PPP2R1A;AKT1S1;RAB10
Progesterone-mediated oocyte maturation,0.4131155414133098,1.8046169047531457,0.075,0.7114703277236493,99,22,MAD1L1;CCNB1;MAPK12;ANAPC7;MAD2L1;HSP90AA1;HSP90AB1;CDC25B;CCNB2;PLK1;PKMYT1;CCNA2;CDC26;KRAS;CDC23;MAPK13;ANAPC5;MAD2L2;GNAI2;CDC27;AURKA;ANAPC11,MAD1L1;CCNB1;MAPK12;ANAPC7;MAD2L1;HSP90AA1;HSP90AB1;CDC25B;CCNB2;PLK1;PKMYT1;CCNA2
Parkinson disease,-0.11491754763332504,-8.284075893246134,0.875,0.7467619472979009,142,61,PPIF;CYCS;UBE2G2;UQCRFS1;SLC25A4;VDAC1;SLC25A5;SDHB;NDUFS1;VDAC2;NDUFV3;COX5A;COX8A;VDAC3;UCHL1;NDUFAB1;NDUFB8;PARK7;UBE2L3;UBE2L6;UBE2G1;NDUFA8;NDUFA10;UBE2J2;NDUFA6;NDUFB9;COX7B2;CYC1;NDUFS3;NDUFV1;NDUFS8;UQCRQ;NDUFV2;GNAI2;NDUFA5;NDUFC2;NDUFB2;NDUFB6;UBB;NDUFS4;NDUFS7;SDHD;NDUFA2;HTRA2;NDUFB3;NDUFA3;UQCR10;UBA1;COX7B;UQCRC2;NDUFA4;COX6A1;NDUFA9;COX7A2;COX7C;NDUFB7;COX4I1;NDUFB10;UQCRB;SLC25A6;SNCA,NDUFS1;VDAC2;NDUFV3;COX5A;COX8A;VDAC3;UCHL1;NDUFAB1;NDUFB8;PARK7;UBE2L3;UBE2L6;UBE2G1;NDUFA8;NDUFA10;UBE2J2;NDUFA6;NDUFB9;COX7B2;CYC1;NDUFS3;NDUFV1;NDUFS8;UQCRQ;NDUFV2;GNAI2;NDUFA5;NDUFC2;NDUFB2;NDUFB6;UBB;NDUFS4;NDUFS7;SDHD;NDUFA2;HTRA2;NDUFB3;NDUFA3;UQCR10;UBA1;COX7B;UQCRC2;NDUFA4;COX6A1;NDUFA9;COX7A2;COX7C;NDUFB7;COX4I1;NDUFB10;UQCRB;SLC25A6;SNCA
Thermogenesis,-0.08865943254269233,-5.408017713961949,1.0,0.7528086027416085,231,74,NDUFAF4;NDUFAF2;MAPK12;COA6;UQCRFS1;COA4;MAP2K3;HRAS;NDUFAF7;RPS6KB2;SDHB;NDUFAF1;SMARCC2;NDUFS1;NDUFV3;SMARCD1;ACTB;COX5A;COX8A;NDUFAB1;NDUFB8;COX20;COA1;NDUFA8;KRAS;NDUFA10;COX14;NDUFA6;NDUFB9;COX19;MLST8;RHEB;COX7B2;CYC1;NDUFS3;NDUFV1;MAPK13;NDUFS8;GRB2;UQCRQ;COX17;NDUFV2;ACTL6A;SMARCB1;SMARCA4;NDUFA5;NDUFC2;NDUFB2;ACTG1;NDUFB6;NDUFS4;NDUFS7;SDHD;KDM1A;COX16;NDUFA2;SMARCE1;NDUFB3;NDUFA3;AKT1S1;UQCR10;COX7B;UQCRC2;NDUFA4;NDUFAF3;COX6A1;NDUFA9;COX7A2;COX7C;NDUFB7;COX4I1;NDUFB10;UQCRB;GNAS,NDUFA8;KRAS;NDUFA10;COX14;NDUFA6;NDUFB9;COX19;MLST8;RHEB;COX7B2;CYC1;NDUFS3;NDUFV1;MAPK13;NDUFS8;GRB2;UQCRQ;COX17;NDUFV2;ACTL6A;SMARCB1;SMARCA4;NDUFA5;NDUFC2;NDUFB2;ACTG1;NDUFB6;NDUFS4;NDUFS7;SDHD;KDM1A;COX16;NDUFA2;SMARCE1;NDUFB3;NDUFA3;AKT1S1;UQCR10;COX7B;UQCRC2;NDUFA4;NDUFAF3;COX6A1;NDUFA9;COX7A2;COX7C;NDUFB7;COX4I1;NDUFB10;UQCRB;GNAS
Axon guidance,-0.40857490732238255,-7.277708018218793,0.0,0.7703439035283609,181,26,SEMA3A;L1CAM;RAC3;MET;PTPN11;HRAS;ILK;ITGB1;CFL2;RAC2;RHOA;KRAS;PAK2;CFL1;ROCK2;GNAI2;PPP3CA;RHOD;ENAH;MYL12A;PAK1;MYL12B;SSH2;DPYSL2;SEMA5A;EPHB6,SSH2;DPYSL2;SEMA5A;EPHB6
Herpes simplex virus 1 infection,0.3334174844634884,1.6033272470266207,0.08139534883720931,0.7779746087983465,492,43,HLA-G;IRAK1;CD74;IL1B;CYCS;IKBKG;EIF2S1;EIF2B3;BST2;SRSF7;EIF2B2;EIF2B1;ZNF37A;PTPN11;DAXX;CASP8;SRPK1;BID;SRSF9;SRSF2;RELA;SRSF1;NFKB1;PPP1CC;EIF2B4;SRSF4;BAX;SRSF3;BCL2L1;HCFC1;IRF3;RHEB;EIF2AK2;FADD;ZNF544;PPP1CA;EIF4EBP1;EIF2AK4;EIF2AK1;CALR;BAD;TRADD;PPP1CB,HLA-G;IRAK1;CD74;IL1B;CYCS;IKBKG;EIF2S1;EIF2B3;BST2;SRSF7;EIF2B2;EIF2B1
Ribosome,-0.11763273443351585,-5.494164086522742,0.9285714285714286,0.7868840256066697,153,81,MRPL17;MRPS2;MRPL24;MRPS17;MRPS16;MRPL4;MRPL1;MRPL19;MRPS10;MRPL30;MRPL12;MRPL20;RPS13;MRPL18;MRPS6;MRPL21;MRPL23;MRPS5;MRPL32;RPL22L1;MRPL14;MRPL34;MRPS18C;RPL26L1;MRPL22;MRPL3;MRPS11;MRPS9;MRPL15;MRPL27;MRPL16;MRPL9;MRPL28;RPL35;MRPS15;RPL10;MRPL33;MRPS7;MRPL11;MRPL2;RPL32;MRPS12;RPL7A;MRPS18A;RPL12;RPL27;RPS10;RPS24;FAU;RPL18;RPS7;RPS26;RPL35A;RPL19;RPL37A;RPLP0;RPLP1;RPLP2;RPL29;RPL26;RPS5;RPS11;RPL41;UBA52;RPL28;RPS12;RPS27A;RPS3;RPS23;RPS15;RPL17;RPL10A;RPS9;RPL34;RPL22;RPL7;RPS21;RPS20;RPS27L;RPL18A;RPL3,MRPS2;MRPL24;MRPS17;MRPS16;MRPL4;MRPL1;MRPL19;MRPS10;MRPL30;MRPL12;MRPL20;RPS13;MRPL18;MRPS6;MRPL21;MRPL23;MRPS5;MRPL32;RPL22L1;MRPL14;MRPL34;MRPS18C;RPL26L1;MRPL22;MRPL3;MRPS11;MRPS9;MRPL15;MRPL27;MRPL16;MRPL9;MRPL28;RPL35;MRPS15;RPL10;MRPL33;MRPS7;MRPL11;MRPL2;RPL32;MRPS12;RPL7A;MRPS18A;RPL12;RPL27;RPS10;RPS24;FAU;RPL18;RPS7;RPS26;RPL35A;RPL19;RPL37A;RPLP0;RPLP1;RPLP2;RPL29;RPL26;RPS5;RPS11;RPL41;UBA52;RPL28;RPS12;RPS27A;RPS3;RPS23;RPS15;RPL17;RPL10A;RPS9;RPL34;RPL22;RPL7;RPS21;RPS20;RPS27L;RPL18A;RPL3
Amyotrophic lateral sclerosis (ALS),0.4046365620557601,1.6576548113242857,0.16883116883116883,0.793032181871863,51,15,NEFH;TOMM40;CYCS;MAPK12;MAP2K3;DAXX;BID;BAX;GPX1;BCL2L1;MAPK13;PPP3CA;BAD;CAT;SOD1,NEFH;TOMM40;CYCS;MAPK12
Drug metabolism,-0.3985076276189277,-7.639163204862946,0.0,0.7983474765520321,108,19,NME1;HPRT1;NME4;UPP1;CMPK1;UCK2;GSTO1;ITPA;CDA;TK1;ADH5;MGST1;MGST3;DUT;GSTM3;ALDH1A3;GSTK1;MGST2;ALDH3A1,MGST1;MGST3;DUT;GSTM3;ALDH1A3;GSTK1;MGST2;ALDH3A1
Purine metabolism,0.39157906314713076,1.6765510785216589,0.08641975308641975,0.800754014217256,129,24,NT5E;NME1;PPAT;GART;HPRT1;ATIC;PAICS;NT5C;AK1;PNP;NME4;DGUOK;PKM;NUDT5;NT5C3B;ADSS;ADK;AK6;ITPA;GUK1;APRT;AK2;ADSL;NUDT2,NT5E;NME1;PPAT;GART;HPRT1;ATIC;PAICS;NT5C;AK1
RNA transport,0.31997649222940205,1.6229151720157042,0.02197802197802198,0.8018157661647476,165,87,NUP88;RPP40;NDC1;NCBP1;TRNT1;PRMT5;EIF3B;EIF2S1;EIF2B3;XPOT;EIF3J;EIF4G1;RPP25;EIF2B2;EIF2B1;FMR1;GEMIN7;EIF3A;THOC2;EIF4A1;EIF4E;NUP107;POP5;XPO1;NUPL2;EIF3I;ACIN1;RANBP2;RPP30;RAN;NCBP2;ELAC2;EIF5;POP7;NUP160;RNPS1;KPNB1;SRRM1;RANGAP1;EIF5B;EIF1AX;POP4;GEMIN6;NUP93;TACC3;SUMO3;NUP37;SEC13;THOC3;EIF3D;PNN;NXT1;EIF2B4;PABPC4;STRAP;CASC3;THOC6;EIF2S2;MAGOHB;TGS1;NUP50;CLNS1A;EIF4G2;RPP38;MAGOH;EIF4EBP1;EIF3G;SNUPN;RPP21;EIF4E2;PYM1;PHAX;UPF3A;RBM8A;EIF4B;NUP62;SAP18;TPR;THOC7;UPF3B;PABPC1;SUMO2;EIF3H;EIF1;EEF1A1;EIF3E;EIF3F,NUP88;RPP40;NDC1;NCBP1;TRNT1;PRMT5;EIF3B;EIF2S1;EIF2B3;XPOT;EIF3J;EIF4G1;RPP25;EIF2B2;EIF2B1;FMR1;GEMIN7;EIF3A;THOC2;EIF4A1;EIF4E;NUP107;POP5;XPO1;NUPL2;EIF3I;ACIN1;RANBP2;RPP30;RAN;NCBP2;ELAC2;EIF5;POP7;NUP160;RNPS1;KPNB1;SRRM1;RANGAP1;EIF5B;EIF1AX;POP4;GEMIN6;NUP93;TACC3;SUMO3;NUP37;SEC13;THOC3;EIF3D
MAPK signaling pathway,0.35380459054429236,1.6902509794822627,0.04597701149425287,0.8072532231079618,295,45,IRAK1;DUSP6;HSPA8;IL1B;AREG;IKBKG;RASGRP2;FLNA;MAPK12;HSPA1B;RRAS2;RAC3;GNG12;MKNK2;MET;HSPA1A;MAP2K3;HRAS;CDC25B;DAXX;MAP4K3;MAP4K4;RAP1B;MYC;RELA;NFKB1;TAOK3;RAC2;KRAS;PAK2;MAX;MAPK13;ATF4;GRB2;GADD45A;PPP3CA;MKNK1;PDGFA;STK3;TRADD;PAK1;STMN1;MAP3K13;FOS;MECOM,IRAK1;DUSP6;HSPA8;IL1B;AREG;IKBKG;RASGRP2;FLNA;MAPK12;HSPA1B;RRAS2;RAC3;GNG12;MKNK2;MET;HSPA1A;MAP2K3;HRAS;CDC25B;DAXX;MAP4K3;MAP4K4;RAP1B;MYC;RELA
Basal transcription factors,0.43572980207663564,1.6076973776430261,0.12048192771084337,0.8107469737230588,45,15,TAF10;GTF2H2;TAF5;GTF2H1;GTF2F2;GTF2A2;TAF15;CDK7;TAF9;GTF2H3;GTF2F1;GTF2H5;TAF7;MNAT1;GTF2I,TAF10;GTF2H2;TAF5;GTF2H1;GTF2F2;GTF2A2;TAF15;CDK7;TAF9
Human T-cell leukemia virus 1 infection,0.3401807199288531,1.6339786428301413,0.03333333333333333,0.815785847849621,219,48,HLA-G;FOSL1;MAD1L1;E2F3;IKBKG;CDC20;ANAPC7;XIAP;MAD2L1;PTTG1;SLC25A4;RANBP1;VDAC1;TCF3;XPO1;HRAS;BUB3;RAN;CCNB2;SLC25A5;CCNA2;BUB1B;MYC;RELA;CHEK1;VDAC2;CDK4;CANX;VDAC3;NFKB1;CCND1;BAX;CDC26;BCL2L1;RANBP3;CREBBP;KRAS;CDC23;ANAPC5;ATF4;PPP3CA;CDC27;NFYB;DLG1;CALR;ANAPC11;SLC25A6;FOS,HLA-G;FOSL1;MAD1L1;E2F3;IKBKG;CDC20;ANAPC7;XIAP;MAD2L1;PTTG1;SLC25A4;RANBP1;VDAC1;TCF3;XPO1;HRAS;BUB3;RAN;CCNB2;SLC25A5;CCNA2;BUB1B;MYC;RELA;CHEK1;VDAC2;CDK4;CANX
Viral carcinogenesis,0.2756793506735672,1.3865623474628648,0.24096385542168675,0.8163646374452397,201,49,HLA-G;MAD1L1;IKBKG;CDC20;GTF2H2;GTF2H1;GTF2A2;RANBP1;YWHAH;HRAS;MRPS18B;IL6ST;UBE3A;CASP8;CCNA2;YWHAG;DDB1;CHD4;RELA;CHEK1;CDK4;PSMC1;PKM;GTF2H3;VDAC3;NFKB1;CCND1;RBPJ;DDX3X;BAX;HNRNPK;YWHAE;RHOA;CREBBP;KRAS;ATP6V0D1;YWHAQ;YWHAB;IRF3;ACTN1;EIF2AK2;ATF4;GRB2;HDAC1;YWHAZ;DLG1;BAD;TRADD;HIST1H4C,HLA-G;MAD1L1;IKBKG;CDC20;GTF2H2;GTF2H1;GTF2A2;RANBP1;YWHAH;HRAS;MRPS18B;IL6ST;UBE3A;CASP8;CCNA2;YWHAG;DDB1;CHD4;RELA;CHEK1;CDK4;PSMC1;PKM;GTF2H3;VDAC3;NFKB1;CCND1;RBPJ;DDX3X;BAX;HNRNPK;YWHAE;RHOA;CREBBP;KRAS;ATP6V0D1;YWHAQ;YWHAB;IRF3;ACTN1;EIF2AK2
Central carbon metabolism in cancer,0.38073679109154396,1.5721891529448235,0.21052631578947367,0.8310723664786412,65,16,LDHA;PGAM1;G6PD;MET;HRAS;GLS;SCO2;PFKP;MYC;HIF1A;PKM;SLC7A5;KRAS;SLC1A5;PDHA1;SLC16A3,LDHA;PGAM1;G6PD;MET;HRAS;GLS;SCO2;PFKP;MYC;HIF1A;PKM
TGF-beta signaling pathway,0.31739431019070424,1.3887991740191077,0.3815789473684211,0.832349178230489,90,17,FST;E2F4;INHBA;SMURF2;THBS1;TFDP1;RPS6KB2;MYC;PPP2CB;PPP2CA;NBL1;RHOA;CREBBP;PPP2R1A;ID4;SKP1;ID2,FST;E2F4;INHBA;SMURF2;THBS1;TFDP1;RPS6KB2;MYC;PPP2CB;PPP2CA
Retrograde endocannabinoid signaling,-0.19420279399415682,-4.613739479866388,0.7368421052631579,0.8345801697186244,148,32,MAPK12;ITPR3;GNG12;NDUFS1;NDUFV3;NDUFAB1;NDUFB8;GNB1;NDUFA8;NDUFA10;NDUFA6;NDUFB9;NDUFS3;NDUFV1;MAPK13;NDUFS8;NDUFV2;GNAI2;NDUFA5;NDUFC2;NDUFB2;NDUFB6;NDUFS4;NDUFS7;GNB2;NDUFA2;NDUFB3;NDUFA3;NDUFA4;NDUFA9;NDUFB7;NDUFB10,NDUFAB1;NDUFB8;GNB1;NDUFA8;NDUFA10;NDUFA6;NDUFB9;NDUFS3;NDUFV1;MAPK13;NDUFS8;NDUFV2;GNAI2;NDUFA5;NDUFC2;NDUFB2;NDUFB6;NDUFS4;NDUFS7;GNB2;NDUFA2;NDUFB3;NDUFA3;NDUFA4;NDUFA9;NDUFB7;NDUFB10
Signaling pathways regulating pluripotency of stem cells,0.3470939024790474,1.424487834790098,0.2875,0.839145999409507,139,17,PCGF6;WNT7A;INHBA;PCGF5;MAPK12;TCF3;HRAS;IL6ST;MYC;PCGF1;KRAS;MAPK13;GRB2;PCGF2;ID4;ID2;SKIL,PCGF6;WNT7A;INHBA;PCGF5;MAPK12
IL-17 signaling pathway,0.40901210994801585,1.697815896543337,0.1282051282051282,0.8395737713718227,93,16,FOSL1;IL1B;IKBKG;MAPK12;HSP90AA1;HSP90AB1;CASP8;RELA;SRSF1;NFKB1;FADD;MAPK13;ANAPC5;TRADD;HSP90B1;FOS,FOSL1;IL1B;IKBKG;MAPK12;HSP90AA1;HSP90AB1
Proteoglycans in cancer,0.28838248168133546,1.4292903484783834,0.2839506172839506,0.8484051925293105,201,40,PLAUR;CD44;WNT7A;FLNA;MAPK12;ITPR3;RRAS2;CBL;ITGA2;MET;THBS1;EZR;PTPN11;HRAS;RPS6KB2;MYC;DDX5;CTSL;HIF1A;ACTB;ITGB1;PPP1CC;CCND1;CAV2;RHOA;KRAS;MAPK13;ROCK2;PPP1CA;GRB2;ACTG1;NUDT16L1;EIF4B;MSN;IQGAP1;PAK1;CAV1;PPP1CB;FN1;PDCD4,PLAUR;CD44;WNT7A;FLNA;MAPK12;ITPR3;RRAS2;CBL;ITGA2;MET;THBS1;EZR;PTPN11;HRAS;RPS6KB2;MYC;DDX5;CTSL;HIF1A;ACTB;ITGB1;PPP1CC;CCND1;CAV2
Epithelial cell signaling in Helicobacter pylori infection,0.37067662703500615,1.4106336397626267,0.2891566265060241,0.8486995732345598,68,15,IKBKG;MAPK12;MET;TJP1;ATP6AP1;PTPN11;ATP6V0B;RELA;NFKB1;ATP6V0D1;MAPK13;ATP6V1D;ATP6V1G1;ATP6V0E1;PAK1,IKBKG;MAPK12;MET;TJP1;ATP6AP1;PTPN11;ATP6V0B;RELA
Calcium signaling pathway,0.3373810130327147,1.3911468269580674,0.27710843373493976,0.8495339322620102,188,18,PPIF;CAMK1;ITPR3;MCU;SLC25A4;VDAC1;SLC25A5;VDAC2;VDAC3;ATP2A2;ADORA2B;CALM1;CALM3;PPP3CA;ATP2B1;CALM2;SLC25A6;GNAS,PPIF;CAMK1;ITPR3;MCU;SLC25A4;VDAC1
Small cell lung cancer,0.3832106665283132,1.7407657413740971,0.0625,0.8510317225994816,93,23,E2F3;LAMC2;CYCS;IKBKG;XIAP;ITGA6;ITGA2;MYC;RELA;LAMA3;CDK4;ITGA3;CKS1B;ITGB1;NFKB1;CCND1;BAX;CKS2;BCL2L1;MAX;COL4A2;GADD45A;FN1,E2F3;LAMC2;CYCS;IKBKG;XIAP;ITGA6;ITGA2;MYC;RELA;LAMA3;CDK4;ITGA3;CKS1B;ITGB1;NFKB1;CCND1;BAX;CKS2
NOD-like receptor signaling pathway,0.27940161711854566,1.3405708341879523,0.32098765432098764,0.8532624741659285,178,37,NLRP1;IL1B;TRPM2;IKBKG;MAPK12;ITPR3;MCU;XIAP;HSP90AA1;HSP90AB1;BRCC3;VDAC1;DHX33;DNM1L;CASP8;SUGT1;RELA;VDAC2;TXN;VDAC3;NFKB1;BCL2L1;RHOA;CTSB;IRF3;ATG12;FADD;MAPK13;NAMPT;TRIP6;RBCK1;IL18;CYBA;GABARAP;CASP4;IFI16;TXNIP,NLRP1;IL1B;TRPM2;IKBKG;MAPK12;ITPR3;MCU;XIAP;HSP90AA1;HSP90AB1;BRCC3;VDAC1
Human cytomegalovirus infection,0.27646972000266495,1.4360126340725272,0.24691358024691357,0.8552701505757307,225,41,HLA-G;E2F3;IL1B;CYCS;IKBKG;BCAR1;MAPK12;ITPR3;RAC3;GNG12;HRAS;RPS6KB2;CASP8;BID;MYC;RELA;CDK4;NFKB1;CCND1;BAX;GNB1;RAC2;RHOA;KRAS;IRF3;RHEB;FADD;CALM1;MAPK13;ROCK2;CALM3;ATF4;GRB2;EIF4EBP1;GNAI2;PPP3CA;GNB2;CALR;CALM2;TRADD;GNAS,HLA-G;E2F3;IL1B;CYCS;IKBKG;BCAR1;MAPK12;ITPR3;RAC3;GNG12
cAMP signaling pathway,-0.19734434152501723,-5.494727398623565,0.8125,0.8584189370254578,212,24,RRAS2;RAC3;RAP1B;RELA;ATP1B1;NFKB1;PPP1CC;ATP2A2;RAC2;RHOA;CREBBP;CALM1;ROCK2;CALM3;PPP1CA;GNAI2;FXYD1;ATP2B1;CALM2;BAD;PAK1;PPP1CB;GNAS;FOS,RAP1B;RELA;ATP1B1;NFKB1;PPP1CC;ATP2A2;RAC2;RHOA;CREBBP;CALM1;ROCK2;CALM3;PPP1CA;GNAI2;FXYD1;ATP2B1;CALM2;BAD;PAK1;PPP1CB;GNAS;FOS
Cytosolic DNA-sensing pathway,0.32327414538109367,1.4424185048591969,0.37333333333333335,0.8678008205817375,63,18,POLR3G;IL1B;IKBKG;POLR3K;POLR3H;POLR2L;POLR2H;RELA;POLR2E;NFKB1;POLR2F;POLR2K;IRF3;POLR1C;ADAR;POLR1D;IL18;POLR3GL,POLR3G;IL1B;IKBKG;POLR3K
Cysteine and methionine metabolism,0.31865780443776254,1.392290182334962,0.39473684210526316,0.8703867729554178,47,15,SRM;LDHA;SMS;AHCY;APIP;ADI1;MAT2A;DNMT1;GOT1;AMD1;MDH2;LDHB;BCAT1;GOT2;MPST,SRM;LDHA;SMS;AHCY;APIP;ADI1;MAT2A;DNMT1;GOT1;AMD1
Focal adhesion,0.28676670810114135,1.3408563174325838,0.27906976744186046,0.8740921169176262,199,40,LAMC2;BCAR1;FLNA;PARVA;RAC3;XIAP;DIAPH1;ITGA6;ITGA2;VCL;MET;THBS1;HRAS;PARVB;RAP1B;LAMA3;ACTB;ILK;ITGA3;ITGB1;PPP1CC;CCND1;CAV2;RAC2;RHOA;PAK2;ACTN1;ROCK2;PPP1CA;COL4A2;GRB2;ACTG1;PDGFA;BAD;MYL12A;PAK1;CAV1;PPP1CB;FN1;MYL12B,LAMC2;BCAR1;FLNA;PARVA;RAC3;XIAP;DIAPH1;ITGA6;ITGA2;VCL;MET;THBS1;HRAS;PARVB;RAP1B;LAMA3;ACTB;ILK;ITGA3;ITGB1;PPP1CC;CCND1;CAV2
Human immunodeficiency virus 1 infection,0.25697051949281197,1.3490268649538901,0.2558139534883721,0.874626210321516,212,52,HLA-G;IRAK1;CYCS;CCNB1;IKBKG;MAPK12;BST2;ITPR3;AP1M1;RAC3;GNG12;CUL4A;MAP2K3;HRAS;CCNB2;RPS6KB2;CASP8;BID;DDB1;FBXW11;RELA;CHEK1;AP1S1;AP1B1;NFKB1;BAX;GNB1;CFL2;BCL2L1;RAC2;KRAS;PAK2;CFL1;WEE1;IRF3;FADD;CALM1;MAPK13;CUL5;CALM3;GNAI2;PPP3CA;GNB2;CALR;CALM2;BAD;AP1M2;TRADD;SKP1;PAK1;RNF7;FOS,HLA-G;IRAK1;CYCS;CCNB1;IKBKG;MAPK12;BST2;ITPR3;AP1M1;RAC3;GNG12;CUL4A;MAP2K3;HRAS;CCNB2;RPS6KB2;CASP8;BID;DDB1;FBXW11;RELA;CHEK1
Oxidative phosphorylation,-0.22929682093519888,-5.6596626584019845,0.19047619047619047,0.8754801250558285,133,50,UQCRFS1;ATP6AP1;PPA1;SDHB;ATP6V0B;NDUFS1;NDUFV3;COX5A;COX8A;NDUFAB1;NDUFB8;NDUFA8;NDUFA10;ATP6V0D1;NDUFA6;NDUFB9;COX7B2;CYC1;NDUFS3;PPA2;NDUFV1;NDUFS8;UQCRQ;COX17;NDUFV2;NDUFA5;NDUFC2;NDUFB2;NDUFB6;NDUFS4;NDUFS7;SDHD;NDUFA2;ATP6V1D;ATP6V1G1;NDUFB3;ATP6V0E1;NDUFA3;UQCR10;COX7B;UQCRC2;NDUFA4;COX6A1;NDUFA9;COX7A2;COX7C;NDUFB7;COX4I1;NDUFB10;UQCRB,PPA1;SDHB;ATP6V0B;NDUFS1;NDUFV3;COX5A;COX8A;NDUFAB1;NDUFB8;NDUFA8;NDUFA10;ATP6V0D1;NDUFA6;NDUFB9;COX7B2;CYC1;NDUFS3;PPA2;NDUFV1;NDUFS8;UQCRQ;COX17;NDUFV2;NDUFA5;NDUFC2;NDUFB2;NDUFB6;NDUFS4;NDUFS7;SDHD;NDUFA2;ATP6V1D;ATP6V1G1;NDUFB3;ATP6V0E1;NDUFA3;UQCR10;COX7B;UQCRC2;NDUFA4;COX6A1;NDUFA9;COX7A2;COX7C;NDUFB7;COX4I1;NDUFB10;UQCRB
Ubiquitin mediated proteolysis,0.27366248706925156,1.320126223436693,0.27906976744186046,0.8783584292884559,137,48,UBE2S;UBE2F;CUL2;UBE2G2;CDC20;ANAPC7;SMURF2;PRPF19;UBE2N;SAE1;XIAP;CBL;UBE2D4;CUL4A;UBA2;UBE2M;UBE3A;UBE2Z;DDB1;FBXW11;UBE2D2;HERC2;TRIM37;UBE2Q2;UBE2K;CDC26;CDC34;UBE2L3;UBE2L6;FBXO2;UBE2G1;UBE2J2;UBE2D3;CBLC;CDC23;ANAPC5;CUL5;TRIP12;UBE2E1;CDC27;UBE2H;UBE2E3;UBE2A;STUB1;SKP1;UBA1;ANAPC11;RNF7,UBE2S;UBE2F;CUL2;UBE2G2;CDC20;ANAPC7;SMURF2;PRPF19;UBE2N;SAE1;XIAP;CBL;UBE2D4
Chagas disease (American trypanosomiasis),0.3278309475743714,1.3523904267770792,0.358974358974359,0.8833776203129612,103,17,IRAK1;IL1B;IKBKG;MAPK12;CASP8;RELA;PPP2CB;PPP2CA;NFKB1;PPP2R2D;FADD;MAPK13;GNAI2;PPP2R1A;CALR;GNAS;FOS,IRAK1;IL1B;IKBKG;MAPK12
Glutathione metabolism,0.36445752189931657,1.483762715660496,0.2716049382716049,0.8837791555949217,56,18,ODC1;SRM;CHAC2;LAP3;SMS;G6PD;PGD;TXNDC12;GPX1;GSTO1;GGCT;GPX3;GPX4;MGST1;MGST3;GSTM3;GSTK1;MGST2,ODC1;SRM;CHAC2;LAP3;SMS
Cell cycle,0.31769948136023496,1.4463513953481595,0.08791208791208792,0.8901893795605044,124,52,MAD1L1;E2F3;CCNB1;E2F4;CDC20;ORC6;ANAPC7;CDC6;MAD2L1;PTTG1;MCM4;YWHAH;BUB3;CDC25B;TFDP1;CCNB2;CDK7;DBF4;PLK1;SMC3;PKMYT1;CCNA2;YWHAG;BUB1B;MYC;CHEK1;CDK4;ORC2;PCNA;STAG2;CCND1;SFN;CDC26;SMC1A;ORC3;YWHAE;CREBBP;YWHAQ;YWHAB;CDC23;WEE1;MCM3;ANAPC5;MAD2L2;PRKDC;GADD45A;CDC27;HDAC1;YWHAZ;SKP1;RAD21;ANAPC11,MAD1L1;E2F3;CCNB1;E2F4;CDC20;ORC6;ANAPC7;CDC6;MAD2L1;PTTG1;MCM4;YWHAH;BUB3;CDC25B;TFDP1;CCNB2;CDK7;DBF4;PLK1;SMC3;PKMYT1;CCNA2;YWHAG;BUB1B;MYC;CHEK1;CDK4;ORC2;PCNA;STAG2
Gap junction,0.42731432594962,1.7073043522687175,0.07058823529411765,0.8914083259521701,88,17,ITPR3;TUBB2A;TUBA1B;LPAR1;TUBB2B;TUBB4B;TJP1;TUBA1C;HRAS;TUBA4A;TUBB;KRAS;GRB2;GNAI2;TUBB6;PDGFA;GNAS,ITPR3;TUBB2A;TUBA1B;LPAR1;TUBB2B;TUBB4B;TJP1;TUBA1C;HRAS
Pathogenic Escherichia coli infection,0.35739626250388074,1.4936891456532018,0.18823529411764706,0.891742938687137,55,26,NCL;ARPC4;ARPC5L;KRT18;TUBB2A;TUBA1B;TUBB2B;TUBB4B;ARPC1B;EZR;TUBA1C;CLDN1;ACTB;ITGB1;TUBA4A;TUBB;RHOA;YWHAQ;ARPC1A;ROCK2;TUBB6;YWHAZ;ACTG1;ARPC3;ARPC2;ARPC5,NCL;ARPC4;ARPC5L;KRT18;TUBB2A;TUBA1B;TUBB2B;TUBB4B;ARPC1B;EZR;TUBA1C
Tuberculosis,0.3159867413960816,1.4650552806734174,0.20481927710843373,0.9026822011764439,179,32,IRAK1;CD74;IL1B;HSPD1;CYCS;MAPK12;HSPA9;ATP6AP1;CASP8;BID;ATP6V0B;RELA;NFKB1;BAX;RHOA;CREBBP;ATP6V0D1;RAB5C;CEBPG;FADD;CALM1;MAPK13;CALM3;EEA1;PPP3CA;RAB7A;NFYB;CALM2;BAD;TRADD;IL18;CTSD,IRAK1;CD74;IL1B;HSPD1;CYCS
C-type lectin receptor signaling pathway,0.3314395396661652,1.30063112741491,0.3132530120481928,0.9071895963361964,104,18,IL1B;IKBKG;MAPK12;ITPR3;RRAS2;PTPN11;HRAS;CASP8;RELA;NFKB1;RHOA;KRAS;CALM1;MAPK13;CALM3;PPP3CA;CALM2;PAK1,IL1B;IKBKG;MAPK12;ITPR3;RRAS2;PTPN11;HRAS;CASP8;RELA
Pyrimidine metabolism,0.3539756787347782,1.4518967379006171,0.3157894736842105,0.907915887543877,57,17,NT5E;NME1;DCTPP1;NT5C;CAD;DCTD;PNP;NME4;DTYMK;UPP1;NT5C3B;CMPK1;UCK2;NUDT2;CDA;TK1;DUT,NT5E;NME1;DCTPP1;NT5C;CAD;DCTD;PNP;NME4;DTYMK;UPP1;NT5C3B;CMPK1;UCK2
Measles,0.3163161534628538,1.4972891256125793,0.1927710843373494,0.9152385720337352,138,29,IRAK1;HSPA8;IL1B;CYCS;IKBKG;EIF2S1;HSPA1B;HSPA1A;CSNK2A1;CASP8;BID;RELA;CDK4;NFKB1;CCND1;BAX;BCL2L1;IRF3;EIF2AK2;FADD;ADAR;EIF2AK4;CSNK2B;EIF2AK1;BAD;TRADD;MSN;EIF3H;FOS,IRAK1;HSPA8;IL1B;CYCS;IKBKG;EIF2S1;HSPA1B
Ras signaling pathway,-0.1760480572198445,-5.752725652108393,0.7142857142857143,0.9290854051908093,232,33,IKBKG;RASGRP2;EXOC2;RRAS2;RAC3;GNG12;MET;PTPN11;HRAS;RAP1B;RELA;RALB;NFKB1;GNB1;BCL2L1;RAC2;RHOA;KRAS;SHOC2;PAK2;RAB5C;CALM1;CALM3;GRB2;PLA2G12A;RALA;PDGFA;GNB2;CALM2;BAD;PAK1;ARF6;PLA2G10,PLA2G10
Aminoacyl-tRNA biosynthesis,0.3847401193184564,1.503577283812301,0.16091954022988506,0.9353946909305633,66,20,HARS;NARS2;VARS;FARSB;YARS;MARS;LARS;EPRS;KARS;IARS;NARS;CARS2;FARSA;RARS;SARS;TARS;IARS2;GATC;GARS;DARS,HARS;NARS2;VARS;FARSB;YARS;MARS;LARS;EPRS;KARS;IARS
Huntington disease,-0.1064428790775102,-5.959489107398083,1.0,0.9395935685573917,193,75,PPIF;CYCS;TFAM;UQCRFS1;SLC25A4;VDAC1;POLR2L;SLC25A5;CLTB;CASP8;POLR2H;SDHB;POLR2E;NDUFS1;VDAC2;NDUFV3;AP2A2;COX5A;COX8A;CLTC;VDAC3;SOD2;NDUFAB1;BAX;NDUFB8;GPX1;POLR2F;POLR2K;POLR2G;CREBBP;NDUFA8;NDUFA10;POLR2B;NDUFA6;NDUFB9;COX7B2;CYC1;NDUFS3;AP2S1;NDUFV1;POLR2C;POLR2I;NDUFS8;UQCRQ;NDUFV2;AP2M1;NDUFA5;CLTA;HDAC1;NDUFC2;NDUFB2;NDUFB6;NDUFS4;NDUFS7;SDHD;POLR2J;AP2B1;NDUFA2;NDUFB3;NDUFA3;UQCR10;COX7B;UQCRC2;NDUFA4;SOD1;COX6A1;NDUFA9;COX7A2;COX7C;NDUFB7;COX4I1;NDUFB10;UQCRB;SLC25A6;POLR2J3,SLC25A5;CLTB;CASP8;POLR2H;SDHB;POLR2E;NDUFS1;VDAC2;NDUFV3;AP2A2;COX5A;COX8A;CLTC;VDAC3;SOD2;NDUFAB1;BAX;NDUFB8;GPX1;POLR2F;POLR2K;POLR2G;CREBBP;NDUFA8;NDUFA10;POLR2B;NDUFA6;NDUFB9;COX7B2;CYC1;NDUFS3;AP2S1;NDUFV1;POLR2C;POLR2I;NDUFS8;UQCRQ;NDUFV2;AP2M1;NDUFA5;CLTA;HDAC1;NDUFC2;NDUFB2;NDUFB6;NDUFS4;NDUFS7;SDHD;POLR2J;AP2B1;NDUFA2;NDUFB3;NDUFA3;UQCR10;COX7B;UQCRC2;NDUFA4;SOD1;COX6A1;NDUFA9;COX7A2;COX7C;NDUFB7;COX4I1;NDUFB10;UQCRB;SLC25A6;POLR2J3
Alzheimer disease,-0.15766365037488628,-8.627041962387745,0.6363636363636364,0.9432782492184011,171,61,IL1B;CYCS;ITPR3;UQCRFS1;CASP8;SDHB;BID;NDUFS1;NDUFV3;COX5A;COX8A;NAE1;NDUFAB1;RTN4;NDUFB8;IDE;ATP2A2;NDUFA8;NDUFA10;CAPN1;NDUFA6;NDUFB9;COX7B2;CYC1;NDUFS3;FADD;NDUFV1;CALM1;NDUFS8;CALM3;UQCRQ;NDUFV2;PPP3CA;NDUFA5;NDUFC2;NDUFB2;NDUFB6;RTN3;HSD17B10;NDUFS4;NDUFS7;SDHD;APP;NDUFA2;CALM2;BAD;NDUFB3;NDUFA3;UQCR10;COX7B;UQCRC2;NDUFA4;COX6A1;NDUFA9;COX7A2;COX7C;NDUFB7;COX4I1;NDUFB10;UQCRB;SNCA,CASP8;SDHB;BID;NDUFS1;NDUFV3;COX5A;COX8A;NAE1;NDUFAB1;RTN4;NDUFB8;IDE;ATP2A2;NDUFA8;NDUFA10;CAPN1;NDUFA6;NDUFB9;COX7B2;CYC1;NDUFS3;FADD;NDUFV1;CALM1;NDUFS8;CALM3;UQCRQ;NDUFV2;PPP3CA;NDUFA5;NDUFC2;NDUFB2;NDUFB6;RTN3;HSD17B10;NDUFS4;NDUFS7;SDHD;APP;NDUFA2;CALM2;BAD;NDUFB3;NDUFA3;UQCR10;COX7B;UQCRC2;NDUFA4;COX6A1;NDUFA9;COX7A2;COX7C;NDUFB7;COX4I1;NDUFB10;UQCRB;SNCA
Pancreatic cancer,0.31951232788717904,1.2649536509716577,0.42857142857142855,0.954984745595906,75,18,E2F3;IKBKG;RAC3;RPS6KB2;RAD51;RELA;RALB;CDK4;BRCA2;NFKB1;CCND1;BAX;BCL2L1;RAC2;KRAS;GADD45A;RALA;BAD,E2F3;IKBKG;RAC3;RPS6KB2;RAD51;RELA;RALB;CDK4;BRCA2;NFKB1;CCND1;BAX;BCL2L1;RAC2;KRAS
Kaposi sarcoma-associated herpesvirus infection,0.25004022004906873,1.2728372336986136,0.48717948717948717,0.9586654856805432,186,36,HLA-G;E2F3;CYCS;IKBKG;MAPK12;ITPR3;GNG12;MICA;HRAS;IL6ST;ATG3;CASP8;BID;MYC;RELA;CDK4;HIF1A;NFKB1;CCND1;BAX;GNB1;CREBBP;KRAS;IRF3;EIF2AK2;FADD;CALM1;MAPK13;CALM3;PPP3CA;UBB;GNB2;CALM2;TRADD;GABARAP;FOS,HLA-G;E2F3;CYCS;IKBKG;MAPK12;ITPR3;GNG12;MICA;HRAS;IL6ST;ATG3;CASP8;BID;MYC;RELA;CDK4;HIF1A
Prostate cancer,0.38656459294352297,1.5098206395467644,0.1875,0.9622506221266187,97,16,ETV5;E2F3;IKBKG;HSP90AA1;HSP90AB1;HRAS;RELA;NFKB1;CCND1;CREBBP;KRAS;ATF4;GRB2;PDGFA;BAD;HSP90B1,ETV5;E2F3;IKBKG;HSP90AA1;HSP90AB1
Vibrio cholerae infection,-0.21997389033942255,-3.9885116850198044,0.85,0.9681317815201115,50,15,TJP1;ATP6AP1;TJP2;ATP6V0B;ACTB;ARF1;ATP6V0D1;SEC61B;ACTG1;PDIA4;ATP6V1D;ATP6V1G1;ATP6V0E1;SEC61G;GNAS,TJP1;ATP6AP1;TJP2;ATP6V0B;ACTB;ARF1;ATP6V0D1;SEC61B;ACTG1;PDIA4;ATP6V1D;ATP6V1G1;ATP6V0E1;SEC61G;GNAS
Leukocyte transendothelial migration,0.22856151898614835,1.032384055333519,0.7792207792207793,0.9696798215398745,112,23,CLDN3;BCAR1;MAPK12;VCL;EZR;PTPN11;RAP1B;CLDN1;ACTB;ITGB1;RAC2;RHOA;ACTN1;MAPK13;ROCK2;GNAI2;ACTG1;CTNNA1;CLDN7;MSN;MYL12A;CYBA;MYL12B,CLDN3;BCAR1;MAPK12;VCL;EZR;PTPN11;RAP1B;CLDN1;ACTB;ITGB1
PI3K-Akt signaling pathway,0.23499066679946887,1.191646448078168,0.4235294117647059,0.9727760415796246,354,52,LAMC2;AREG;IKBKG;LPAR1;GNG12;HSP90AA1;ITGA6;HSP90AB1;EIF4E;ITGA2;MET;THBS1;YWHAH;HRAS;RPS6KB2;YWHAG;MYC;RELA;IRS1;PPP2CB;LAMA3;CDK4;G6PC3;PPP2CA;ITGA3;ITGB1;NFKB1;CCND1;GNB1;PPP2R2D;BCL2L1;YWHAE;KRAS;YWHAQ;MLST8;YWHAB;RHEB;COL4A2;ATF4;GRB2;EIF4EBP1;EIF4E2;PPP2R1A;YWHAZ;EIF4B;PDGFA;GNB2;CDC37;BAD;HSP90B1;DDIT4;FN1,LAMC2;AREG;IKBKG;LPAR1;GNG12;HSP90AA1;ITGA6;HSP90AB1;EIF4E;ITGA2;MET;THBS1;YWHAH;HRAS;RPS6KB2;YWHAG;MYC;RELA;IRS1;PPP2CB;LAMA3;CDK4;G6PC3;PPP2CA;ITGA3;ITGB1;NFKB1;CCND1
TNF signaling pathway,0.32686812572479673,1.2337456221706886,0.4166666666666667,0.972886526916642,110,15,PGAM5;IL1B;IKBKG;MAPK12;MAP2K3;DNM1L;CASP8;RELA;NFKB1;FADD;MAPK13;ATF4;TRADD;JUNB;FOS,PGAM5;IL1B;IKBKG;MAPK12
Wnt signaling pathway,0.2725413030914361,1.134513841152049,0.5925925925925926,0.9737230587540596,158,22,FOSL1;WNT7A;RAC3;CACYBP;DKK1;RUVBL1;CSNK2A1;MYC;FBXW11;CTBP2;LRP5;CCND1;CTBP1;RAC2;RHOA;CREBBP;ROCK2;PPP3CA;CSNK2B;CSNK1A1;SKP1;DAAM1,FOSL1;WNT7A;RAC3;CACYBP;DKK1;RUVBL1;CSNK2A1;MYC;FBXW11;CTBP2;LRP5
Neurotrophin signaling pathway,0.2517760615368484,1.0369954035525462,0.7469879518072289,0.9762680006819779,119,20,IRAK1;MAPK12;ARHGDIA;PTPN11;HRAS;RAP1B;RELA;IRS1;NFKB1;BAX;YWHAE;RHOA;KRAS;CALM1;MAPK13;CALM3;ATF4;GRB2;CALM2;BAD,IRAK1;MAPK12;ARHGDIA;PTPN11;HRAS;RAP1B;RELA;IRS1;NFKB1;BAX;YWHAE;RHOA;KRAS;CALM1;MAPK13;CALM3;ATF4;GRB2
Non-alcoholic fatty liver disease (NAFLD),-0.13375585950398394,-3.474536829905892,1.0,0.9794786206248091,149,53,IL1B;CYCS;EIF2S1;UQCRFS1;CASP8;SDHB;BID;RELA;IRS1;NDUFS1;NDUFV3;COX5A;COX8A;NFKB1;NDUFAB1;BAX;NDUFB8;MLX;NDUFA8;NDUFA10;NDUFA6;NDUFB9;COX7B2;CYC1;NDUFS3;NDUFV1;NDUFS8;ADIPOR1;ATF4;UQCRQ;NDUFV2;NDUFA5;NDUFC2;NDUFB2;NDUFB6;NDUFS4;NDUFS7;SDHD;NDUFA2;NDUFB3;NDUFA3;UQCR10;COX7B;UQCRC2;NDUFA4;COX6A1;NDUFA9;COX7A2;COX7C;NDUFB7;COX4I1;NDUFB10;UQCRB,CASP8;SDHB;BID;RELA;IRS1;NDUFS1;NDUFV3;COX5A;COX8A;NFKB1;NDUFAB1;BAX;NDUFB8;MLX;NDUFA8;NDUFA10;NDUFA6;NDUFB9;COX7B2;CYC1;NDUFS3;NDUFV1;NDUFS8;ADIPOR1;ATF4;UQCRQ;NDUFV2;NDUFA5;NDUFC2;NDUFB2;NDUFB6;NDUFS4;NDUFS7;SDHD;NDUFA2;NDUFB3;NDUFA3;UQCR10;COX7B;UQCRC2;NDUFA4;COX6A1;NDUFA9;COX7A2;COX7C;NDUFB7;COX4I1;NDUFB10;UQCRB
Cellular senescence,0.3257956456493989,1.5182089159547416,0.14772727272727273,0.9802480070859168,160,44,HLA-G;E2F3;CCNB1;PPID;E2F4;MAPK12;ITPR3;RRAS2;MCU;SLC25A4;VDAC1;MAP2K3;HRAS;CCNB2;SLC25A5;RAD9A;CCNA2;MYC;FBXW11;RELA;CHEK1;VDAC2;CDK4;HUS1;FOXM1;VDAC3;NFKB1;PPP1CC;CCND1;KRAS;CAPN1;RHEB;CALM1;MAPK13;CALM3;PPP1CA;EIF4EBP1;GADD45A;PPP3CA;RAD50;CALM2;PPP1CB;SLC25A6;ZFP36L2,HLA-G;E2F3;CCNB1;PPID;E2F4;MAPK12;ITPR3;RRAS2;MCU;SLC25A4;VDAC1;MAP2K3;HRAS;CCNB2;SLC25A5;RAD9A;CCNA2;MYC;FBXW11;RELA;CHEK1;VDAC2;CDK4;HUS1;FOXM1;VDAC3;NFKB1;PPP1CC;CCND1
MicroRNAs in cancer,0.24683242813531825,1.2212340253499758,0.5512820512820513,0.981917656345089,299,30,HMGA2;E2F3;CD44;FSCN1;SLC7A1;MET;THBS1;EZR;HRAS;CDC25B;GLS;MYC;IRS1;ST14;CDCA5;DNMT1;NFKB1;CCND1;HNRNPK;RHOA;CREBBP;KRAS;GRB2;HDAC1;PDGFA;TPM1;DDIT4;STMN1;PDCD4;SOX4,HMGA2;E2F3;CD44;FSCN1;SLC7A1;MET;THBS1;EZR;HRAS;CDC25B;GLS;MYC;IRS1;ST14;CDCA5;DNMT1;NFKB1;CCND1
Hepatitis C,0.2296511182270598,1.0587158449771126,0.6428571428571429,0.9830233244759375,155,37,CLDN3;E2F3;CYCS;IKBKG;EIF2S1;PSME3;YWHAH;HRAS;CASP8;YWHAG;BID;MYC;RELA;PPP2CB;CDK4;CLDN1;PPP2CA;NFKB1;CCND1;BAX;PPP2R2D;YWHAE;KRAS;YWHAQ;YWHAB;IRF3;EIF2AK2;FADD;GRB2;EIF2AK4;PPP2R1A;YWHAZ;CLDN7;EIF2AK1;BAD;TRADD;EIF3E,CLDN3;E2F3;CYCS;IKBKG;EIF2S1;PSME3;YWHAH;HRAS;CASP8;YWHAG;BID;MYC;RELA;PPP2CB;CDK4;CLDN1;PPP2CA
Colorectal cancer,0.21251956436541022,1.0407157236839004,0.8194444444444444,0.9830444135138554,86,21,CYCS;AREG;BIRC5;RAC3;MSH6;HRAS;RPS6KB2;MYC;RALB;CCND1;BAX;MSH3;RAC2;RHOA;KRAS;APPL1;GRB2;GADD45A;RALA;BAD;FOS,CYCS;AREG;BIRC5;RAC3;MSH6;HRAS;RPS6KB2;MYC;RALB;CCND1;BAX;MSH3;RAC2;RHOA;KRAS
Transcriptional misregulation in cancer,0.2513640022634835,1.1386854038261975,0.654320987654321,0.9830808725285612,186,24,ETV5;DUSP6;HMGA2;SIX1;MET;TCF3;TAF15;MYC;RELA;DDX5;NFKB1;BAX;BCL2L1;MAX;GADD45A;EWSR1;HDAC1;FUS;PDGFA;H3F3B;KLF3;ID2;NUPR1;PBX1,ETV5;DUSP6;HMGA2
p53 signaling pathway,0.29536820395093016,1.2373159450554807,0.4875,0.9846157711902205,72,18,CYCS;CCNB1;AIFM2;THBS1;CCNB2;CASP8;BID;CHEK1;CDK4;CCND1;BAX;SFN;BCL2L1;EI24;SIVA1;GADD45A;GTSE1;PERP,CYCS;CCNB1;AIFM2;THBS1;CCNB2;CASP8;BID;CHEK1;CDK4;CCND1;BAX;SFN;BCL2L1
Apelin signaling pathway,0.2717323168299025,1.194061019766504,0.6,0.9868501737412279,137,15,TFAM;ITPR3;RRAS2;GNG12;HRAS;RPS6KB2;CCND1;GNB1;KRAS;CALM1;CALM3;GNAI2;GNB2;CALM2;GABARAP,TFAM;ITPR3;RRAS2;GNG12;HRAS;RPS6KB2
Pathways in cancer,0.19517529412313092,1.0032823892147085,0.6129032258064516,0.9872884399013717,530,85,E2F3;LAMC2;CYCS;WNT7A;IKBKG;CUL2;RASGRP2;BIRC5;RAC3;LPAR1;XIAP;CBL;GNG12;HSP90AA1;ITGA6;HSP90AB1;MSH6;ITGA2;MET;CCDC6;HRAS;IL6ST;TPM3;RPS6KB2;CASP8;RAD51;NCOA4;BID;MYC;RELA;CTBP2;RALB;LAMA3;CDK4;LRP5;BRCA2;HIF1A;TXNRD1;ITGA3;CKS1B;ITGB1;NFKB1;FH;CCND1;BAX;CKS2;MSH3;CTBP1;GNB1;GSTO1;BCL2L1;RAC2;RHOA;CREBBP;KRAS;MAX;FADD;CALM1;APPL1;TXNRD2;ROCK2;CALM3;COL4A2;GRB2;GNAI2;GADD45A;HDAC1;CTNNA1;RALA;PDGFA;GNB2;CALM2;BAD;TPR;SKP1;HSP90B1;FN1;NFE2L2;MGST1;MGST3;GNAS;GSTM3;MGST2;FOS;MECOM,E2F3;LAMC2;CYCS;WNT7A;IKBKG;CUL2;RASGRP2;BIRC5;RAC3;LPAR1;XIAP;CBL;GNG12;HSP90AA1;ITGA6;HSP90AB1;MSH6;ITGA2;MET;CCDC6;HRAS;IL6ST;TPM3;RPS6KB2;CASP8;RAD51;NCOA4;BID;MYC;RELA;CTBP2;RALB;LAMA3;CDK4;LRP5;BRCA2;HIF1A;TXNRD1;ITGA3;CKS1B;ITGB1;NFKB1;FH;CCND1;BAX;CKS2;MSH3;CTBP1;GNB1
Chemokine signaling pathway,0.24465890684699607,1.0464800606137057,0.7,0.9900172441089758,190,20,IKBKG;RASGRP2;BCAR1;RAC3;GNG12;HRAS;RAP1B;RELA;NFKB1;CCL26;GNB1;RAC2;RHOA;KRAS;ROCK2;GRB2;GNAI2;GNB2;BAD;PAK1,IKBKG;RASGRP2;BCAR1;RAC3;GNG12;HRAS;RAP1B;RELA;NFKB1;CCL26;GNB1;RAC2;RHOA;KRAS
Rap1 signaling pathway,0.2503475027116879,1.1996130537794394,0.5384615384615384,0.99065052652298,206,29,RASGRP2;BCAR1;MAPK12;RAC3;LPAR1;RGS14;MET;THBS1;MAP2K3;HRAS;RAP1B;RALB;ACTB;ITGB1;ADORA2B;RAC2;RHOA;KRAS;CALM1;MAPK13;PFN1;CALM3;GNAI2;ACTG1;RALA;PDGFA;CALM2;PFN2;GNAS,RASGRP2;BCAR1;MAPK12;RAC3;LPAR1;RGS14;MET;THBS1;MAP2K3;HRAS
Relaxin signaling pathway,-0.12195373193648766,-2.1614168321129466,1.0,0.9910674408217954,130,15,MAPK12;GNG12;HRAS;RELA;NFKB1;GNB1;KRAS;MAPK13;COL4A2;ATF4;GRB2;GNAI2;GNB2;GNAS;FOS,GNAS;FOS
Breast cancer,0.27371969331925194,1.0630278231422134,0.7236842105263158,0.9911029440926458,147,15,E2F3;WNT7A;HRAS;RPS6KB2;MYC;CDK4;LRP5;BRCA2;CCND1;BAX;KRAS;GRB2;GADD45A;CSNK1A1;FOS,E2F3;WNT7A;HRAS;RPS6KB2;MYC;CDK4;LRP5;BRCA2;CCND1;BAX
RNA polymerase,0.24967592173527128,1.0095937619425999,0.7126436781609196,0.9911870932776814,31,19,POLR3G;POLR3K;POLR1E;TWISTNB;POLR3H;POLR2L;POLR2H;POLR2E;POLR2F;POLR2K;POLR2G;POLR2B;POLR1C;POLR2C;POLR2I;POLR2J;POLR1D;POLR2J3;POLR3GL,POLR3G;POLR3K;POLR1E;TWISTNB
Tight junction,0.27144647045432746,1.243372020875977,0.44047619047619047,0.9924904686717757,170,35,CLDN3;TUBA1B;NF2;ACTR3;TJP1;EZR;TUBA1C;TJP2;HSPA4;RAB8A;PPP2CB;CDK4;CLDN1;PCNA;PPP2CA;ACTB;ITGB1;MARVELD3;CCND1;TUBA4A;PPP2R2D;RHOA;ACTN1;ROCK2;PPP2R1A;ACTG1;CLDN7;DLG1;YBX3;AMOTL1;MSN;ACTR2;MYL12A;MYL12B;RAB13,CLDN3;TUBA1B;NF2;ACTR3;TJP1;EZR;TUBA1C;TJP2;HSPA4;RAB8A;PPP2CB;CDK4;CLDN1;PCNA;PPP2CA;ACTB;ITGB1;MARVELD3;CCND1;TUBA4A
Shigellosis,0.2862164746710226,1.207661395768621,0.55,0.9929967522881608,65,25,CD44;IKBKG;ARPC4;ARPC5L;MAPK12;DIAPH1;VCL;ARPC1B;FBXW11;RELA;UBE2D2;ACTB;ITGB1;NFKB1;RHOG;ARPC1A;MAPK13;PFN1;ROCK2;MAD2L2;ACTG1;ARPC3;ARPC2;PFN2;ARPC5,CD44;IKBKG;ARPC4;ARPC5L;MAPK12;DIAPH1;VCL;ARPC1B
Endocytosis,0.1057251825307192,0.5241205792406738,0.9891304347826086,0.9938982383623659,244,66,HLA-G;HSPA8;ARPC4;ARPC5L;SMURF2;HSPA1B;CBL;EHD4;ARPC1B;HSPA1A;RABEP1;HRAS;VPS26A;CLTB;SH3GL1;EHD1;RAB8A;KIF5B;AP2A2;CLTC;ARF1;GBF1;CAV2;EPN1;VPS29;VPS36;TSG101;RHOA;HGS;CAPZB;TFRC;ARF3;CBLC;RAB5C;ARPC1A;AP2S1;SNX3;EPN2;EHD2;EEA1;CAPZA2;AP2M1;SPG21;CLTA;VPS4B;RAB7A;ARPC3;UBB;SNX6;STAMBP;ARPC2;CAPZA1;AP2B1;VPS35;ARPC5;CHMP4A;RAB10;CHMP4B;CAV1;SNF8;SNX5;CHMP2A;VPS28;RAB11A;ARF6;DAB2,HLA-G;HSPA8;ARPC4;ARPC5L;SMURF2;HSPA1B;CBL;EHD4;ARPC1B;HSPA1A;RABEP1;HRAS;VPS26A;CLTB;SH3GL1;EHD1
Oocyte meiosis,0.23927033210017837,1.1036218179863215,0.6,0.9965522824461653,125,39,MAD1L1;CCNB1;CDC20;MAPK12;ANAPC7;ITPR3;MAD2L1;PTTG1;YWHAH;CCNB2;PLK1;SMC3;PKMYT1;YWHAG;FBXW11;PPP2CB;PPP2CA;PPP1CC;CDC26;SMC1A;SLK;YWHAE;YWHAQ;YWHAB;CDC23;CALM1;ANAPC5;CALM3;PPP1CA;MAD2L2;PPP3CA;CDC27;PPP2R1A;YWHAZ;CALM2;AURKA;SKP1;PPP1CB;ANAPC11,MAD1L1;CCNB1;CDC20;MAPK12;ANAPC7;ITPR3;MAD2L1;PTTG1;YWHAH;CCNB2;PLK1;SMC3;PKMYT1;YWHAG;FBXW11;PPP2CB
Regulation of actin cytoskeleton,0.22445110411646907,1.1395981634914414,0.5595238095238095,0.9979536361137411,214,48,ARPC4;ARPC5L;BCAR1;RRAS2;RAC3;LPAR1;DIAPH1;GNG12;ITGA6;ITGA2;VCL;ARPC1B;EZR;HRAS;ITGAE;BAIAP2;ACTB;ITGA3;ITGB1;PPP1CC;CFL2;RAC2;RHOA;KRAS;PAK2;CFL1;ACTN1;ARPC1A;BRK1;PFN1;ROCK2;PPP1CA;NCKAP1;ACTG1;ARPC3;ENAH;ARPC2;PDGFA;PFN2;ARPC5;MSN;IQGAP1;MYL12A;PAK1;PPP1CB;FN1;MYL12B;SSH2,ARPC4;ARPC5L;BCAR1;RRAS2;RAC3;LPAR1;DIAPH1;GNG12;ITGA6;ITGA2;VCL;ARPC1B;EZR;HRAS
Pertussis,0.28636339817018985,1.1128811212644345,0.6,0.9982430411360699,76,16,IRAK1;IL1B;MAPK12;RELA;ITGB1;NFKB1;CFL2;RHOA;CFL1;IRF3;CALM1;MAPK13;CALM3;GNAI2;CALM2;FOS,IRAK1;IL1B;MAPK12
HIF-1 signaling pathway,0.2738972344948406,0.9597305681274708,0.7386363636363636,0.998819013876587,100,18,LDHA;CUL2;ENO1;MKNK2;EIF4E;PGK1;RPS6KB2;RELA;HIF1A;NFKB1;CREBBP;TFRC;PDHA1;EIF4EBP1;ALDOA;EIF4E2;TIMP1;MKNK1,LDHA;CUL2;ENO1;MKNK2;EIF4E;PGK1;RPS6KB2;RELA;HIF1A
Mitophagy,0.24787100264141548,0.9870010579951737,0.7901234567901234,0.9991536266115539,65,18,BNIP3;PGAM5;RRAS2;HRAS;CSNK2A1;RELA;HIF1A;BCL2L1;USP15;KRAS;ATF4;FIS1;RAB7A;UBB;CSNK2B;TOMM7;GABARAP;OPTN,BNIP3;PGAM5
Necroptosis,0.20756818876362584,0.9767285354571008,0.6785714285714286,0.9993473497739034,162,36,PGAM5;IL1B;PPID;AIFM1;XIAP;HSP90AA1;HSP90AB1;SLC25A4;VDAC1;DNM1L;SLC25A5;CASP8;HMGB1;BID;H2AFZ;VDAC2;H2AFY;VDAC3;PARP1;BAX;CAPN1;EIF2AK2;FADD;GLUD1;H2AFX;VPS4B;FTL;RBCK1;CHMP4A;TRADD;CHMP4B;PPIA;CHMP2A;SLC25A6;H2AFJ;TNFSF10,PGAM5;IL1B;PPID;AIFM1;XIAP;HSP90AA1;HSP90AB1;SLC25A4;VDAC1;DNM1L;SLC25A5;CASP8;HMGB1;BID;H2AFZ
T cell receptor signaling pathway,0.14801809730098953,0.5509460885966212,0.9880952380952381,0.9997632181287216,101,15,IKBKG;MAPK12;HRAS;RELA;CDK4;NFKB1;RHOA;KRAS;PAK2;MAPK13;GRB2;PPP3CA;DLG1;PAK1;FOS,IKBKG;MAPK12
Thyroid hormone signaling pathway,-0.36504117134450365,-8.68360995859432,0.0,1.0,116,16,MED27;HRAS;PFKP;MYC;ATP1B1;HIF1A;ACTB;CCND1;ATP2A2;CREBBP;KRAS;RHEB;HDAC1;ACTG1;BAD;DIO2,DIO2
Estrogen signaling pathway,-0.286179136396346,-5.999540109188109,0.3,1.0,137,22,HSPA8;FKBP4;KRT18;ITPR3;HSPA1B;HSP90AA1;HSP90AB1;HSPA1A;HRAS;KRAS;CALM1;CALM3;ATF4;GRB2;GNAI2;CALM2;HSP90B1;GNAS;FOS;CTSD;KRT15;KRT16,GNAS;FOS;CTSD;KRT15;KRT16
Glycolysis / Gluconeogenesis,-0.2183749918630873,-3.5063873897023683,0.46153846153846156,1.0,68,15,LDHA;PGAM1;ENO1;PGK1;PFKP;GPI;G6PC3;PKM;LDHB;TPI1;PDHA1;ALDOA;ADH5;ALDH1A3;ALDH3A1,ALDH1A3;ALDH3A1
Hepatitis B,0.2619733121713681,1.1488896321989275,0.5,1.0,163,32,IRAK1;E2F3;CYCS;IKBKG;MAPK12;BIRC5;ATP6AP1;MAP2K3;HRAS;CASP8;CCNA2;BID;DDB1;MYC;RELA;PCNA;VDAC3;NFKB1;DDX3X;BAX;CREBBP;KRAS;YWHAQ;YWHAB;IRF3;FADD;MAPK13;ATF4;GRB2;YWHAZ;BAD;FOS,IRAK1;E2F3;CYCS;IKBKG;MAPK12;BIRC5;ATP6AP1;MAP2K3;HRAS;CASP8;CCNA2;BID;DDB1;MYC;RELA;PCNA;VDAC3;NFKB1;DDX3X;BAX
Salmonella infection,0.25871192749891125,1.1642001243080504,0.5121951219512195,1.0,86,26,IL1B;ARPC4;ARPC5L;FLNA;MAPK12;TJP1;ARPC1B;DYNC1LI1;RELA;ACTB;NFKB1;DYNC1I2;RHOG;ARPC1A;MAPK13;PFN1;ROCK2;ACTG1;RAB7A;ARPC3;ARPC2;PFN2;ARPC5;DYNC1H1;IL18;FOS,IL1B;ARPC4;ARPC5L;FLNA;MAPK12
Spliceosome,0.21327159475913757,1.0757515379375835,0.5161290322580645,1.0,134,89,HSPA8;NCBP1;PPIL1;U2AF2;PRPF19;DDX23;SRSF7;HSPA1B;HNRNPU;SNRPF;LSM4;THOC2;SNRPA1;RBM22;PRPF4;PHF5A;SMNDC1;HSPA1A;ACIN1;SF3A3;HNRNPM;NCBP2;SNRNP40;SRSF9;SNRPB;SRSF2;DHX38;PPIH;DDX5;LSM3;SRSF1;SNRPG;PRPF40A;WBP11;DHX16;EFTUD2;SF3B2;THOC3;SNRPD1;DHX15;SART1;SNRNP27;TXNL4A;SNRNP70;SRSF4;HNRNPA3;BUD31;CDC40;DDX42;TCERG1;SRSF3;HNRNPK;SNRPE;DHX8;RBMX;LSM7;MAGOHB;U2SURP;PRPF31;SNRPB2;SRSF10;PCBP1;LSM2;RBM17;SNU13;DDX46;SNRPD3;SNRNP200;SNRPC;RBM25;HNRNPC;MAGOH;RP9;CDC5L;SF3B5;LSM5;SNRPA;TRA2B;SF3B4;RBM8A;HNRNPA1;BCAS2;CCDC12;PRPF6;PQBP1;SF3B1;SF3B6;SNRPD2;TRA2A,HSPA8;NCBP1;PPIL1;U2AF2;PRPF19;DDX23;SRSF7;HSPA1B;HNRNPU;SNRPF;LSM4;THOC2;SNRPA1;RBM22;PRPF4;PHF5A;SMNDC1;HSPA1A;ACIN1;SF3A3;HNRNPM;NCBP2;SNRNP40;SRSF9;SNRPB;SRSF2;DHX38;PPIH;DDX5;LSM3;SRSF1;SNRPG;PRPF40A;WBP11;DHX16;EFTUD2;SF3B2;THOC3;SNRPD1;DHX15;SART1;SNRNP27;TXNL4A;SNRNP70;SRSF4;HNRNPA3;BUD31;CDC40;DDX42;TCERG1;SRSF3;HNRNPK;SNRPE;DHX8;RBMX;LSM7
Nucleotide excision repair,0.25305102092825266,1.0656747303602923,0.5714285714285714,1.0,47,24,POLE3;GTF2H2;GTF2H1;RAD23B;CUL4A;RFC3;CDK7;DDB1;PCNA;RPA2;POLD2;GTF2H3;CETN2;POLE4;GTF2H5;RFC2;RFC4;RFC1;XPA;RPA3;RAD23A;MNAT1;ERCC1;POLD4,POLE3;GTF2H2;GTF2H1;RAD23B;CUL4A;RFC3;CDK7;DDB1;PCNA;RPA2;POLD2;GTF2H3;CETN2
Human papillomavirus infection,0.22435478521285654,1.1441690295410327,0.573170731707317,1.0,330,55,HLA-G;LAMC2;WNT7A;IKBKG;BCAP31;ITGA6;ITGA2;THBS1;ATP6AP1;ISG15;HRAS;UBE3A;RPS6KB2;CASP8;CCNA2;CHD4;ATP6V0B;RELA;PPP2CB;LAMA3;CDK4;PSMC1;PKM;PPP2CA;TUBG1;ITGA3;ITGB1;NFKB1;CCND1;RBPJ;BAX;PPP2R2D;CREBBP;KRAS;ATP6V0D1;IRF3;RHEB;EIF2AK2;FADD;COL4A2;GRB2;EIF4EBP1;PPP2R1A;HDAC1;DLG1;ATP6V1D;BAD;ATP6V1G1;ATP6V0E1;TRADD;CSNK1A1;FN1;GNAS;HES4;MAML2,HLA-G;LAMC2;WNT7A;IKBKG;BCAP31;ITGA6;ITGA2;THBS1;ATP6AP1;ISG15;HRAS;UBE3A;RPS6KB2;CASP8;CCNA2;CHD4;ATP6V0B;RELA;PPP2CB;LAMA3;CDK4;PSMC1;PKM;PPP2CA;TUBG1;ITGA3;ITGB1;NFKB1;CCND1;RBPJ
Longevity regulating pathway,-0.213185676797059,-6.02503999822065,0.625,1.0,102,27,HSPA8;CLPB;HSPA1B;EIF4E;HSPA1A;EHMT2;ATG101;HRAS;EHMT1;RPS6KB2;RELA;IRS1;NFKB1;SOD2;BAX;KRAS;RHEB;APPL1;ADIPOR1;ATF4;EIF4EBP1;EIF4E2;HDAC1;AKT1S1;CAT;SOD1;CRYAB,CRYAB
Influenza A,0.2331450376118091,1.0807248389431414,0.6962025316455697,1.0,171,29,HSPA8;IL1B;CYCS;MAPK12;EIF2S1;HSPA1B;VDAC1;XPO1;HSPA1A;MAP2K3;PABPN1;RELA;ACTB;PRSS3;NXT1;NFKB1;CREBBP;IRF3;EIF2AK2;MAPK13;ADAR;DNAJC3;EIF2AK4;ACTG1;KPNA2;EIF2AK1;IL18;SLC25A6;TNFSF10,HSPA8;IL1B;CYCS;MAPK12;EIF2S1;HSPA1B;VDAC1;XPO1;HSPA1A;MAP2K3
Bacterial invasion of epithelial cells,0.22037599325355292,1.0652897279162359,0.7,1.0,74,27,ARPC4;ARPC5L;BCAR1;CBL;VCL;MET;ARPC1B;CLTB;SEPT11;ACTB;ILK;ITGB1;CLTC;CAV2;RHOA;SEPT2;RHOG;ARPC1A;MAD2L2;CLTA;ACTG1;ARPC3;CTNNA1;ARPC2;ARPC5;CAV1;FN1,ARPC4;ARPC5L;BCAR1;CBL;VCL;MET;ARPC1B;CLTB;SEPT11;ACTB;ILK;ITGB1;CLTC;CAV2
Hippo signaling pathway,0.20231523475562985,1.1447814055385637,0.7058823529411765,1.0,160,29,AREG;WNT7A;BIRC5;NF2;YWHAH;YWHAG;MYC;FBXW11;MOB1A;PPP2CB;TEAD1;PPP2CA;ACTB;PPP1CC;CCND1;PPP2R2D;YWHAE;YWHAQ;YWHAB;PPP1CA;PPP2R1A;YWHAZ;ACTG1;CTNNA1;DLG1;STK3;PAK1;PPP1CB;ID2,AREG;WNT7A;BIRC5;NF2;YWHAH;YWHAG;MYC;FBXW11;MOB1A;PPP2CB;TEAD1;PPP2CA;ACTB;PPP1CC;CCND1
RNA degradation,0.22383655882914436,0.9628118292827993,0.7586206896551724,1.0,79,30,HSPD1;EXOSC2;EXOSC9;HSPA9;EXOSC8;LSM4;ENO1;MPHOSPH6;LSM1;EXOSC5;PFKP;EXOSC1;EXOSC3;LSM3;DIS3;PABPC4;EXOSC7;LSM7;C1D;TOB2;LSM2;XRN2;CNOT1;LSM5;EXOSC4;WDR61;TTC37;PABPC1;BTG1;BTG2,HSPD1;EXOSC2;EXOSC9;HSPA9;EXOSC8;LSM4;ENO1;MPHOSPH6;LSM1;EXOSC5;PFKP;EXOSC1;EXOSC3;LSM3;DIS3
Protein processing in endoplasmic reticulum,0.16602030534279408,0.8826272875903117,0.8192771084337349,1.0,165,62,HSPA8;HSPH1;BCAP31;UBE2G2;EIF2S1;DNAJC10;HSPA1B;HSP90AA1;UBE2D4;HSP90AB1;RAD23B;UBQLN1;PREB;DNAJA1;SSR4;HSPA1A;NSFL1C;HYOU1;BAG2;HSPBP1;HSPA5;UBE2D2;RRBP1;CANX;SEC13;SAR1B;VCP;SSR1;BAX;CKAP4;GANAB;DNAJB12;DNAJA2;DNAJB11;LMAN2;PDIA6;FBXO2;UBE2G1;SAR1A;CAPN1;UBE2J2;UBE2D3;EIF2AK2;BAG1;ATF4;DNAJC3;EIF2AK4;SEC61B;RNF5;SEC63;PDIA4;EIF2AK1;CALR;DERL2;SEC61G;ERP29;STUB1;SKP1;HSP90B1;RAD23A;NFE2L2;CRYAB,HSPA8;HSPH1;BCAP31;UBE2G2;EIF2S1;DNAJC10;HSPA1B;HSP90AA1;UBE2D4;HSP90AB1;RAD23B;UBQLN1;PREB;DNAJA1;SSR4;HSPA1A;NSFL1C
FoxO signaling pathway,0.18994905409753016,0.8872364439175128,0.8311688311688312,1.0,132,23,BNIP3;CCNB1;PLK2;MAPK12;PRMT1;HRAS;CCNB2;PLK1;IRS1;G6PC3;CCND1;SOD2;CREBBP;KRAS;ATG12;MAPK13;GRB2;GADD45A;HOMER3;CAT;FBXO25;GABARAP;TNFSF10,BNIP3;CCNB1;PLK2;MAPK12
Chronic myeloid leukemia,0.19210399845184029,0.879736775388335,0.8461538461538461,1.0,76,20,E2F3;IKBKG;CBL;PTPN11;HRAS;MYC;RELA;CTBP2;CDK4;NFKB1;CCND1;BAX;CTBP1;BCL2L1;KRAS;GRB2;GADD45A;HDAC1;BAD;MECOM,E2F3;IKBKG;CBL;PTPN11;HRAS;MYC;RELA;CTBP2;CDK4;NFKB1;CCND1;BAX;CTBP1;BCL2L1
Adherens junction,0.197825976112655,0.8134295316015181,0.8536585365853658,1.0,72,18,RAC3;VCL;MET;TJP1;CSNK2A1;PTPN1;BAIAP2;ACTB;RAC2;RHOA;CREBBP;ACTN1;PTPRF;ACP1;ACTG1;CTNNA1;CSNK2B;IQGAP1,RAC3;VCL;MET;TJP1;CSNK2A1;PTPN1;BAIAP2;ACTB;RAC2;RHOA;CREBBP;ACTN1;PTPRF
mRNA surveillance pathway,0.1772730925351461,0.8555854363700021,0.8571428571428571,1.0,91,37,NCBP1;ETF1;GSPT1;CSTF3;ACIN1;NCBP2;PABPN1;PELO;DAZAP1;RNPS1;SRRM1;PPP2CB;PPP2CA;PNN;NXT1;PPP1CC;CPSF6;PABPC4;PPP2R2D;CASC3;MAGOHB;FIP1L1;PCF11;CPSF2;PPP1CA;MAGOH;PPP2R1A;PYM1;WDR33;UPF3A;SSU72;RBM8A;SAP18;PAPOLA;UPF3B;PPP1CB;PABPC1,NCBP1;ETF1;GSPT1;CSTF3;ACIN1;NCBP2;PABPN1;PELO;DAZAP1;RNPS1;SRRM1;PPP2CB;PPP2CA;PNN;NXT1;PPP1CC;CPSF6;PABPC4;PPP2R2D;CASC3;MAGOHB;FIP1L1;PCF11
DNA replication,0.21051677463808136,0.8769093840941944,0.8607594936708861,1.0,36,16,POLE3;RNASEH1;MCM4;RFC3;PCNA;RPA2;POLD2;POLE4;SSBP1;RNASEH2C;RFC2;MCM3;RFC4;RFC1;RPA3;POLD4,POLE3;RNASEH1;MCM4;RFC3;PCNA;RPA2;POLD2;POLE4;SSBP1;RNASEH2C;RFC2;MCM3;RFC4;RFC1
Phospholipase D signaling pathway,0.17064689843002484,0.716775007379572,0.8607594936708861,1.0,148,17,AGPAT5;RRAS2;LPAR1;PTPN11;HRAS;RALB;ARF1;AGPAT2;RHOA;KRAS;RHEB;GRB2;RALA;PDGFA;PLPP2;ARF6;GNAS,AGPAT5;RRAS2;LPAR1;PTPN11;HRAS
Insulin signaling pathway,0.1792207654951266,0.8021850978704171,0.8795180722891566,1.0,137,29,CBL;MKNK2;EIF4E;SOCS4;HRAS;PRKAR2A;RPS6KB2;FASN;PRKAR1B;PTPN1;IRS1;G6PC3;PPP1CC;KRAS;RHEB;PTPRF;CALM1;CALM3;PPP1CA;GRB2;FLOT2;EIF4EBP1;EIF4E2;MKNK1;CALM2;BAD;PRKAR1A;FLOT1;PPP1CB,CBL;MKNK2;EIF4E;SOCS4;HRAS;PRKAR2A;RPS6KB2;FASN;PRKAR1B;PTPN1;IRS1;G6PC3
Autophagy,0.1689911682099737,0.7840817625186614,0.8875,1.0,128,30,BNIP3;EIF2S1;RRAS2;ATG101;HRAS;ATG3;RPS6KB2;HMGB1;IRS1;PPP2CB;CTSL;HIF1A;PPP2CA;STX17;BCL2L1;KRAS;CTSB;MLST8;NRBF2;RHEB;ATG12;EIF2AK4;RAB7A;WIPI2;BAD;AKT1S1;DDIT4;GABARAP;IGBP1;CTSD,BNIP3;EIF2S1;RRAS2;ATG101;HRAS;ATG3;RPS6KB2;HMGB1;IRS1;PPP2CB;CTSL;HIF1A;PPP2CA
Apoptosis,0.1670944733483989,0.827217292058503,0.8888888888888888,1.0,143,38,CYCS;IKBKG;AIFM1;EIF2S1;ITPR3;BIRC5;TUBA1B;XIAP;LMNB2;TUBA1C;HRAS;DAXX;CASP8;BID;RELA;CTSL;ACTB;NFKB1;PARP1;TUBA4A;BAX;DFFA;BCL2L1;KRAS;CTSB;CAPN1;LMNA;FADD;ATF4;GADD45A;ACTG1;CTSZ;BAD;HTRA2;TRADD;FOS;CTSD;TNFSF10,CYCS;IKBKG;AIFM1;EIF2S1;ITPR3;BIRC5;TUBA1B;XIAP;LMNB2
Oxytocin signaling pathway,0.19556076118271667,0.8045008918730651,0.8928571428571429,1.0,153,21,CAMK1;TRPM2;ITPR3;HRAS;ACTB;PPP1CC;CCND1;RHOA;KRAS;CALM1;ROCK2;CALM3;PPP1CA;EEF2;GNAI2;PPP3CA;ACTG1;CALM2;PPP1CB;GNAS;FOS,CAMK1;TRPM2
Phagosome,0.16797773419307838,0.8360978424124923,0.9113924050632911,1.0,152,36,HLA-G;TUBB2A;TUBA1B;TUBB2B;TUBB4B;ITGA2;THBS1;ATP6AP1;TUBA1C;M6PR;ATP6V0B;DYNC1LI1;CTSL;CANX;ACTB;ITGB1;TUBA4A;DYNC1I2;TUBB;HGS;TFRC;ATP6V0D1;RAB5C;EEA1;TUBB6;SEC61B;ACTG1;RAB7A;ATP6V1D;CALR;ATP6V1G1;ATP6V0E1;SEC61G;DYNC1H1;CYBA;OLR1,HLA-G;TUBB2A;TUBA1B;TUBB2B;TUBB4B;ITGA2;THBS1;ATP6AP1;TUBA1C;M6PR;ATP6V0B;DYNC1LI1;CTSL;CANX;ACTB
Fluid shear stress and atherosclerosis,0.1687040844970265,0.7539634749013407,0.9195402298850575,1.0,139,32,IL1B;IKBKG;MAPK12;RAC3;HSP90AA1;HSP90AB1;RELA;CTSL;SUMO3;TXN;ACTB;NFKB1;CAV2;GSTO1;RAC2;RHOA;CALM1;MAPK13;CALM3;ACTG1;PDGFA;CALM2;HSP90B1;CAV1;CYBA;SUMO2;NFE2L2;MGST1;MGST3;GSTM3;MGST2;FOS,IL1B;IKBKG;MAPK12;RAC3;HSP90AA1;HSP90AB1
Lysosome,0.14871526055609088,0.7441846767203122,0.9342105263157895,1.0,123,25,GLA;AP1M1;ATP6AP1;AP3M1;M6PR;CLTB;ATP6V0B;CTSL;AP1S1;AP1B1;CLTC;NEU1;IDS;AP3S1;CTSB;LITAF;ATP6V0D1;AP3B1;CLTA;AP3D1;CTSZ;AP1M2;NPC2;LAPTM4A;CTSD,GLA;AP1M1;ATP6AP1;AP3M1;M6PR;CLTB;ATP6V0B;CTSL;AP1S1;AP1B1;CLTC;NEU1;IDS;AP3S1;CTSB;LITAF;ATP6V0D1;AP3B1
mTOR signaling pathway,0.14161589495090096,0.6603805465054168,0.9466666666666667,1.0,152,24,WNT7A;EIF4E;TBC1D7;HRAS;MAPKAP1;RPS6KB2;IRS1;LRP5;SEC13;SLC7A5;RHOA;KRAS;MLST8;RHEB;GRB2;EIF4EBP1;EIF4E2;EIF4B;LAMTOR1;ATP6V1D;ATP6V1G1;AKT1S1;LAMTOR4;DDIT4,WNT7A;EIF4E;TBC1D7;HRAS;MAPKAP1;RPS6KB2;IRS1;LRP5;SEC13
Cardiac muscle contraction,0.16328526119836723,0.6778385315611127,0.9518072289156626,1.0,78,20,TPM4;UQCRFS1;TPM3;TPM2;ATP1B1;COX5A;COX8A;ATP2A2;COX7B2;CYC1;UQCRQ;TPM1;UQCR10;COX7B;UQCRC2;COX6A1;COX7A2;COX7C;COX4I1;UQCRB,TPM4;UQCRFS1;TPM3;TPM2;ATP1B1;COX5A;COX8A
Fc gamma R-mediated phagocytosis,0.19426490180013156,0.7111656932828853,0.9518072289156626,1.0,91,16,ARPC4;ARPC5L;ARPC1B;RPS6KB2;CFL2;RAC2;CFL1;ARPC1A;ARPC3;ARPC2;MYO10;PLPP2;MARCKSL1;ARPC5;PAK1;ARF6,ARPC4;ARPC5L
Platelet activation,0.20064307376328933,0.8086009375683297,0.961038961038961,1.0,124,18,RASGRP2;MAPK12;ITPR3;ITGA2;RAP1B;ACTB;ITGB1;PPP1CC;RHOA;MAPK13;ROCK2;PPP1CA;GNAI2;ACTG1;MYL12A;PPP1CB;MYL12B;GNAS,RASGRP2;MAPK12;ITPR3
Sphingolipid signaling pathway,0.15989894411693212,0.6413706322810162,0.9625,1.0,119,19,MAPK12;RAC3;HRAS;BID;RELA;PPP2CB;PPP2CA;NFKB1;BAX;PPP2R2D;RAC2;RHOA;KRAS;MAPK13;ROCK2;GNAI2;PPP2R1A;TRADD;CTSD,MAPK12;RAC3;HRAS;BID;RELA;PPP2CB;PPP2CA;NFKB1;BAX;PPP2R2D;RAC2;RHOA;KRAS
Hepatocellular carcinoma,0.1239105834342385,0.5750248073534305,0.9753086419753086,1.0,168,33,E2F3;WNT7A;MET;HRAS;RPS6KB2;MYC;SMARCC2;CDK4;LRP5;TXNRD1;SMARCD1;ACTB;BRD7;CCND1;BAX;GSTO1;BCL2L1;KRAS;TXNRD2;GRB2;ACTL6A;GADD45A;SMARCB1;SMARCA4;ACTG1;BAD;SMARCE1;CSNK1A1;NFE2L2;MGST1;MGST3;GSTM3;MGST2,E2F3;WNT7A;MET;HRAS;RPS6KB2;MYC;SMARCC2;CDK4;LRP5;TXNRD1;SMARCD1;ACTB;BRD7;CCND1;BAX;GSTO1;BCL2L1
cGMP-PKG signaling pathway,0.13682789770377513,0.6335186588847206,0.9873417721518988,1.0,166,25,PPIF;ITPR3;SLC25A4;VDAC1;SLC25A5;IRS1;VDAC2;ATP1B1;VDAC3;PPP1CC;ATP2A2;RHOA;CALM1;ROCK2;CALM3;PPP1CA;ATF4;GNAI2;PPP3CA;ATP2B1;CALM2;BAD;PPP1CB;SLC25A6;GTF2I,PPIF;ITPR3;SLC25A4;VDAC1;SLC25A5;IRS1;VDAC2;ATP1B1;VDAC3;PPP1CC;ATP2A2;RHOA;CALM1;ROCK2;CALM3;PPP1CA;ATF4;GNAI2;PPP3CA;ATP2B1
Glucagon signaling pathway,0.16919636620794765,0.6380756063311563,0.9878048780487805,1.0,103,16,LDHA;ITPR3;PGAM1;PRMT1;G6PC3;PKM;PPP4R3B;CREBBP;LDHB;CALM1;PDHA1;CALM3;ATF4;PPP3CA;CALM2;GNAS,LDHA;ITPR3;PGAM1;PRMT1;G6PC3;PKM;PPP4R3B;CREBBP;LDHB;CALM1;PDHA1;CALM3;ATF4
Adrenergic signaling in cardiomyocytes,-0.13836410466319962,-2.5515298929353762,1.0,1.0,145,23,MAPK12;TPM4;TPM3;TPM2;PPP2CB;ATP1B1;PPP2CA;CREM;PPP1CC;PPP2R2D;ATP2A2;CALM1;MAPK13;CALM3;PPP1CA;ATF4;GNAI2;ATP2B1;PPP2R1A;CALM2;TPM1;PPP1CB;GNAS,TPM2;PPP2CB;ATP1B1;PPP2CA;CREM;PPP1CC;PPP2R2D;ATP2A2;CALM1;MAPK13;CALM3;PPP1CA;ATF4;GNAI2;ATP2B1;PPP2R1A;CALM2;TPM1;PPP1CB;GNAS
Dopaminergic synapse,-0.128065161128214,-2.6311982555412565,1.0,1.0,131,22,MAPK12;ITPR3;GNG12;KIF5B;PPP2CB;PPP2CA;PPP1CC;GNB1;PPP2R2D;CALM1;MAPK13;CALM3;PPP1CA;ATF4;GNAI2;PPP3CA;PPP2R1A;GNB2;CALM2;PPP1CB;GNAS;FOS,KIF5B;PPP2CB;PPP2CA;PPP1CC;GNB1;PPP2R2D;CALM1;MAPK13;CALM3;PPP1CA;ATF4;GNAI2;PPP3CA;PPP2R1A;GNB2;CALM2;PPP1CB;GNAS;FOS
